sample_name,test_split
43,6
44,9
50,9
54,5
56,8
59,3
83,4
84,1
85,0
86,8
88,8
89,6
90,9
91,5
92,0
93,6
97,5
98,2
101,3
102,8
103,6
104,4
105,3
107,9
109,3
110,7
111,0
112,9
115,6
119,6
120,1
122,0
123,0
124,0
127,0
128,5
129,1
130,0
132,1
133,1
134,4
135,2
136,2
137,6
138,3
139,2
140,4
141,7
142,0
143,2
145,1
146,5
147,7
149,5
150,2
151,4
152,0
153,3
154,8
157,1
158,1
160,0
162,5
163,6
165,9
169,0
170,3
172,5
173,0
174,7
175,6
176,7
177,6
179,9
183,5
184,8
185,8
186,3
188,1
189,1
190,5
193,8
195,1
196,7
197,4
198,3
199,6
200,0
201,7
202,1
203,2
204,3
205,4
206,6
207,4
208,8
209,6
210,3
211,6
212,2
213,3
214,5
215,2
216,8
217,9
218,5
219,9
220,7
222,6
224,3
225,7
226,6
228,1
229,4
230,5
232,2
233,8
234,2
237,3
239,9
241,7
242,3
243,2
244,2
247,6
248,7
249,2
250,5
251,0
252,1
253,1
254,9
257,7
258,7
260,5
261,1
262,7
263,7
264,9
266,4
267,4
268,6
269,3
270,9
271,4
272,4
274,2
275,6
276,6
277,4
279,8
282,9
283,5
284,1
288,3
289,8
290,5
291,2
292,2
293,2
294,5
295,9
297,6
298,0
300,1
304,5
305,9
306,6
311,0
312,6
314,8
315,9
318,8
319,1
321,5
322,6
324,2
325,2
326,8
327,2
328,8
329,5
330,2
331,3
335,9
336,4
337,3
338,0
339,2
341,1
342,1
343,8
344,9
345,6
346,1
347,2
348,7
349,5
354,6
355,9
356,7
357,4
358,8
359,8
360,4
361,5
362,8
363,6
364,6
365,1
366,4
367,7
368,1
369,1
371,7
372,8
373,2
374,2
375,1
376,9
377,3
378,0
379,6
381,8
382,6
384,3
385,8
386,4
387,0
388,8
389,8
392,7
393,2
394,3
395,8
396,8
397,8
399,4
400,7
401,1
402,8
403,0
404,3
406,9
407,3
409,2
410,2
411,7
415,5
416,1
417,5
419,5
420,0
421,4
423,9
424,4
425,2
427,0
428,7
429,1
430,5
431,6
432,9
433,4
434,1
436,1
437,6
438,1
439,0
441,3
443,8
444,6
445,1
446,4
447,0
448,7
449,2
450,8
451,8
454,2
455,7
459,6
461,2
462,0
463,9
464,7
465,7
466,9
467,8
468,2
469,0
470,9
471,5
472,5
473,1
474,0
477,3
478,4
479,0
480,8
481,5
483,1
484,0
485,6
487,9
488,7
489,9
490,6
491,7
492,7
493,1
494,4
495,5
496,8
497,6
498,0
499,1
500,4
501,4
502,4
503,4
504,9
505,4
506,4
507,2
508,9
509,8
510,3
511,1
514,0
516,9
519,7
520,0
522,8
523,2
524,6
526,1
528,7
530,4
532,8
533,2
534,9
535,2
536,8
537,3
538,5
539,7
540,1
541,7
543,4
545,6
547,9
548,1
549,5
550,3
552,9
553,8
554,1
557,4
558,0
559,7
560,7
562,6
566,3
567,8
568,1
569,3
570,9
574,7
575,4
576,1
577,4
578,9
579,4
580,9
581,9
582,0
583,7
584,1
585,8
586,3
587,5
588,6
589,5
590,5
591,1
592,7
593,6
594,7
596,5
597,4
598,5
600,0
602,7
603,8
604,1
605,9
606,5
607,2
609,4
610,6
611,7
612,4
613,5
614,8
615,1
617,8
618,5
619,2
620,4
621,6
622,6
623,8
624,4
625,0
626,9
627,4
628,0
629,7
631,2
632,0
633,5
636,6
637,7
638,0
640,5
641,5
643,9
644,6
645,6
646,5
647,6
648,1
649,3
650,8
651,8
652,3
653,9
655,0
656,8
657,3
659,4
660,3
661,1
662,0
663,3
664,7
665,5
666,0
667,9
668,7
669,0
670,9
671,0
672,4
673,7
674,0
675,1
676,5
677,4
678,3
679,7
680,5
681,7
682,3
683,9
684,9
688,5
689,2
690,5
691,5
692,6
693,2
694,9
696,1
697,9
698,7
701,0
702,9
703,8
704,4
705,5
706,9
707,8
708,3
709,2
710,1
712,0
713,0
714,0
717,1
719,1
720,2
721,3
722,5
723,9
724,6
725,1
727,9
728,6
729,1
732,9
733,3
734,1
735,8
737,6
738,5
739,3
741,0
742,6
743,6
744,2
745,4
747,4
748,2
749,9
750,3
753,4
754,8
755,4
756,7
757,7
758,0
760,3
761,6
762,4
763,0
764,2
765,7
766,0
767,0
768,9
769,3
770,7
771,2
772,5
773,7
774,7
775,9
776,6
777,9
778,6
779,5
780,8
781,2
782,1
783,6
784,3
786,3
787,6
788,9
789,3
790,6
791,6
793,8
794,3
796,0
797,7
799,2
800,3
801,1
802,3
803,5
805,6
807,2
808,7
809,0
811,8
812,4
814,3
816,5
819,3
820,7
821,9
822,2
823,2
824,0
826,0
827,2
828,8
829,3
830,8
831,7
833,5
834,5
835,9
836,0
838,2
839,8
840,1
841,4
842,2
843,4
844,1
845,0
847,4
848,5
849,4
851,4
852,3
853,8
854,5
855,0
856,7
857,4
858,0
859,9
862,3
863,7
864,7
866,1
867,9
868,6
871,3
872,6
873,6
874,1
875,3
876,5
877,2
883,1
884,3
885,3
887,7
888,6
889,0
890,8
891,8
892,4
893,8
894,1
895,6
897,4
898,2
899,7
901,3
902,6
903,8
904,3
906,8
908,8
909,4
910,4
911,6
912,1
913,3
914,2
916,5
917,2
918,6
919,6
920,3
921,1
922,3
923,6
924,0
927,2
928,8
929,8
931,4
932,1
933,9
934,2
935,9
936,5
938,3
941,2
942,2
943,2
944,2
945,6
947,6
948,5
950,2
951,7
952,0
953,0
954,0
956,8
957,3
958,6
960,1
962,9
963,5
964,9
965,0
966,4
967,5
968,6
969,2
970,4
971,1
972,7
973,6
975,3
979,5
981,8
982,6
983,6
984,8
985,3
986,4
988,5
989,5
991,9
993,9
994,7
997,7
998,9
999,7
1000,3
1001,9
1002,5
1003,7
1004,7
1005,7
1006,1
1007,3
1008,0
1009,3
1010,3
1011,3
1012,4
1013,8
1014,1
1015,9
1016,0
1017,6
1018,4
1019,0
1020,5
1021,4
1022,8
1023,4
1024,9
1025,2
1026,4
1027,4
1028,4
1029,6
1030,0
1032,2
1036,6
1037,2
1038,7
1039,7
1040,3
1041,3
1044,2
1045,0
1046,6
1047,9
1048,1
1049,0
1050,0
1051,2
1052,1
1053,4
1054,0
1055,7
1056,1
1057,7
1058,9
1059,1
1060,1
1061,9
1062,7
1063,1
1065,1
1067,4
1070,7
1071,5
1072,7
1073,5
1074,0
1075,4
1080,9
1082,9
1083,5
1086,8
1087,9
1088,7
1089,9
1090,3
1093,7
1094,8
1095,0
1096,7
1097,2
1098,6
1099,7
1100,8
1101,2
1102,4
1104,9
1105,0
1106,5
1107,0
1112,7
1113,6
1114,3
1115,5
1116,0
1117,7
1118,4
1119,2
1120,9
1123,2
1124,8
1130,7
1131,4
1132,3
1133,4
1134,5
1135,4
1136,4
1138,3
1139,8
1140,7
1141,2
1142,5
1144,0
1146,0
1147,7
1148,3
1149,6
1150,1
1152,4
1155,4
1160,3
1161,6
1162,9
1164,6
1165,7
1166,2
1167,1
1168,2
1169,2
1170,8
1172,8
1174,2
1175,5
1176,1
1177,3
1179,0
1180,1
1183,9
1185,5
1186,9
1188,5
1189,0
1190,1
1191,3
1192,7
1193,3
1194,8
1195,2
1196,5
1198,9
1199,8
1200,4
1201,9
1202,1
1203,1
1204,3
1205,5
1206,0
1207,0
1209,0
1211,2
1212,1
1213,6
1214,1
1215,5
1216,7
1217,1
1218,0
1219,5
1220,3
1222,8
1223,7
1225,9
1227,9
1228,3
1229,1
1230,4
1232,8
1233,7
1234,0
1235,9
1237,5
1238,6
1239,9
1240,2
1241,0
1242,3
1244,2
1245,8
1246,8
1247,6
1248,8
1249,4
1250,5
1251,2
1252,2
1253,1
1254,7
1255,7
1257,9
1258,5
1264,9
1266,2
1267,6
1268,1
1271,4
1274,0
1275,4
1276,1
1277,8
1278,0
1280,3
1281,8
1282,4
1283,2
1284,6
1285,4
1286,3
1288,7
1290,0
1291,4
1292,3
1293,9
1294,7
1295,8
1297,2
1298,9
1299,5
1302,3
1304,0
1305,6
1308,8
1309,8
1310,9
1311,3
1312,8
1313,7
1314,4
1315,7
1316,8
1317,2
1318,3
1319,1
1320,5
1322,8
1324,9
1325,3
1326,6
1327,2
1328,5
1330,6
1331,8
1332,6
1334,6
1336,5
1339,3
1340,5
1341,2
1344,2
1346,8
1347,2
1348,1
1350,2
1351,5
1353,1
1354,4
1355,4
1356,0
1357,0
1358,9
1359,1
1360,5
1361,8
1362,7
1363,9
1365,6
1366,0
1368,5
1369,4
1370,2
1388,8
1389,3
1390,1
1391,3
1392,3
1393,8
1394,6
1395,0
1396,3
1397,1
1398,6
1399,8
1400,6
1403,6
1404,3
1405,6
1407,8
1408,4
1409,5
1410,6
1414,8
1415,8
1416,3
1417,5
1418,1
1419,3
1420,3
1421,6
1422,1
1423,0
1424,2
1425,4
1426,3
1427,1
1428,2
1430,7
1431,2
1432,2
1433,8
1434,6
1435,7
1436,9
1437,0
1438,1
1439,5
1440,0
1441,9
1442,4
1443,7
1444,0
1445,9
1448,4
1449,9
1450,9
1451,7
1452,7
1453,2
1455,1
1456,1
1457,8
1458,0
1459,2
1460,7
1461,8
1462,2
1463,7
1464,9
1465,2
1466,0
1467,5
1468,9
1469,4
1470,0
1471,7
1472,7
1473,0
1474,2
1475,6
1476,9
1477,5
1479,8
1481,5
1483,7
1484,4
1485,4
1486,3
1487,3
1488,4
1489,9
1491,1
1492,5
1493,2
1494,6
1518,4
1534,0
1538,0
1540,8
1542,0
1543,6
1544,3
1557,5
1580,1
1583,6
1589,3
1599,2
1602,9
1604,0
1609,9
1610,4
1637,4
1638,4
1641,1
1642,3
1643,5
1644,8
1646,2
1647,3
1649,1
1650,1
1654,4
1655,3
1656,7
1657,7
1658,0
1660,0
1661,6
1662,1
1663,7
1665,7
1666,5
1667,5
1668,5
1669,6
1670,1
1671,5
1672,4
1676,8
1678,1
1681,7
1682,0
1684,1
1687,5
1688,6
1689,0
1691,5
1692,7
1693,2
1694,4
1695,0
1696,6
1697,5
1698,7
1699,5
1700,3
1701,4
1702,9
1703,2
1704,9
1705,7
1706,5
1707,4
1708,8
1709,0
1712,5
1713,2
1714,4
1715,9
1716,4
1717,8
1718,4
1719,5
1721,7
1722,2
1723,2
1724,0
1725,1
1727,9
1728,9
1729,2
1730,6
1731,8
1732,5
1734,2
1735,3
1736,0
1737,1
1738,1
1739,7
1740,2
1741,2
1742,0
1744,9
1745,1
1746,5
1747,9
1748,7
1749,6
1750,8
1751,8
1752,8
1754,4
1755,3
1756,0
1757,9
1758,6
1759,9
1760,3
1761,5
1762,4
1763,6
1764,9
1765,6
1766,8
1767,7
1768,1
1769,7
1770,7
1771,2
1772,3
1773,8
1774,1
1775,3
1776,0
1777,5
1778,2
1780,2
1783,2
1784,9
1785,3
1786,1
1787,7
1788,5
1789,3
1790,6
1791,6
1792,0
1793,0
1794,6
1795,7
1796,2
1799,1
1800,5
1801,4
1802,8
1803,6
1805,4
1806,0
1807,0
1808,2
1809,0
1810,8
1811,6
1812,1
1813,5
1814,6
1815,0
1816,3
1817,8
1819,3
1820,5
1821,7
1822,4
1823,6
1824,8
1825,0
1826,2
1828,1
1829,3
1830,2
1831,8
1832,7
1833,6
1835,4
1836,1
1837,5
1838,6
1839,3
1840,7
1841,9
1842,4
1843,3
1844,1
1845,9
1847,2
1850,8
1851,1
1852,4
1853,9
1854,4
1855,0
1856,4
1857,3
1858,9
1859,4
1860,1
1861,8
1862,9
1863,8
1864,3
1865,9
1866,5
1868,5
1869,9
1870,8
1871,9
