sample_name,test_split,split0_val,split1_val,split2_val,split3_val,split4_val
43,4,False,False,False,False,
44,3,False,False,False,,False
50,1,False,,False,False,False
54,2,False,False,,False,False
56,1,False,,False,False,False
59,0,,False,False,False,False
83,1,False,,False,False,False
84,4,False,False,False,True,
85,3,True,False,False,,False
86,0,,False,False,False,False
88,4,False,False,False,False,
89,2,False,False,,False,False
90,3,False,False,False,,False
91,1,False,,False,False,False
92,1,False,,False,False,False
93,3,False,False,False,,True
97,0,,False,False,False,False
98,4,True,False,False,False,
101,1,False,,True,False,True
102,3,False,False,False,,False
103,3,False,False,False,,True
104,0,,True,False,False,False
105,4,False,False,False,False,
107,3,False,False,False,,False
109,2,False,False,,False,False
110,3,False,False,False,,False
111,4,False,False,False,True,
112,4,False,False,False,False,
115,1,True,,False,True,False
119,1,False,,False,False,False
120,0,,True,False,False,False
122,4,False,False,False,False,
123,2,True,False,,True,False
124,1,False,,True,False,True
127,0,,False,True,False,False
128,0,,True,False,False,False
129,3,False,False,False,,False
130,2,False,False,,False,False
132,4,False,False,False,False,
133,2,False,False,,False,False
134,4,False,False,False,False,
135,2,False,False,,False,False
136,0,,False,False,False,False
137,3,False,False,True,,False
138,0,,False,False,False,False
139,1,True,,False,False,False
140,0,,False,False,False,False
141,3,False,False,False,,False
142,2,False,False,,False,False
143,2,False,False,,False,False
145,1,False,,True,False,False
146,3,False,False,True,,False
147,2,False,False,,False,False
149,1,False,,False,False,False
150,0,,True,False,False,False
151,3,False,True,False,,False
152,1,True,,False,False,False
153,1,False,,False,False,False
154,4,False,False,False,False,
157,1,False,,False,False,False
158,3,False,False,False,,False
160,2,False,False,,True,False
162,1,False,,False,False,False
163,3,True,False,False,,True
165,1,False,,True,False,True
169,2,False,False,,False,False
170,0,,False,False,False,False
172,0,,False,False,False,False
173,1,False,,False,False,True
174,3,False,False,True,,False
175,4,False,False,False,False,
176,1,False,,True,False,False
177,0,,False,False,False,False
179,2,False,False,,False,False
183,2,True,False,,False,False
184,4,False,False,False,False,
185,4,False,False,False,False,
186,4,False,False,False,False,
188,1,False,,False,False,False
189,4,False,False,False,False,
190,2,False,False,,False,False
193,1,False,,False,False,False
195,1,False,,False,False,False
196,4,False,False,True,False,
197,2,False,False,,False,False
198,2,False,False,,False,False
199,1,False,,False,False,False
200,2,False,False,,True,True
201,2,False,False,,False,False
202,0,,False,False,False,False
203,4,False,False,False,False,
204,2,False,False,,False,False
205,4,False,False,False,False,
206,2,False,True,,False,False
207,2,False,False,,False,False
208,4,False,True,False,False,
209,1,False,,False,False,False
210,3,False,False,False,,True
211,3,False,False,True,,False
212,2,False,False,,True,False
213,0,,False,False,False,False
214,2,False,False,,False,False
215,0,,False,False,False,False
216,3,False,False,False,,False
217,0,,False,False,False,False
218,1,False,,False,False,False
219,2,False,True,,False,False
220,0,,False,False,True,False
222,1,False,,False,False,False
224,2,False,True,,True,False
225,1,False,,False,False,False
226,2,False,False,,False,False
228,1,False,,False,False,False
229,3,False,False,False,,False
230,0,,False,False,False,False
232,2,False,False,,False,False
233,3,False,False,False,,False
234,0,,False,False,False,False
237,0,,False,False,False,True
239,1,False,,False,False,False
241,0,,False,False,False,False
242,3,False,False,False,,False
243,4,False,False,False,False,
244,3,False,False,False,,False
247,0,,True,False,False,False
248,1,True,,False,False,False
249,1,False,,False,False,False
250,1,False,,False,False,False
251,0,,False,False,False,False
252,4,True,False,False,False,
253,2,False,False,,True,False
254,1,False,,False,False,False
257,2,False,False,,False,False
258,3,False,False,False,,False
260,4,False,False,False,False,
261,4,False,False,False,False,
262,1,False,,False,False,False
263,2,False,False,,False,True
264,0,,False,False,False,False
266,0,,False,False,False,False
267,4,False,False,True,True,
268,4,False,True,True,False,
269,3,False,False,False,,False
270,4,False,False,False,False,
271,2,False,False,,False,False
272,3,True,False,False,,False
274,0,,False,False,False,False
275,4,False,False,False,False,
276,1,False,,False,False,False
277,4,False,False,False,False,
279,3,False,False,False,,False
282,2,True,False,,False,False
283,0,,True,False,False,False
284,3,False,False,False,,False
288,1,False,,False,False,True
289,1,False,,False,True,False
290,1,False,,False,False,False
291,1,False,,False,False,False
292,4,False,False,True,False,
293,2,False,False,,False,False
294,0,,False,False,False,False
295,3,False,True,False,,False
297,0,,False,False,False,False
298,1,False,,False,False,False
300,1,False,,False,False,False
304,1,False,,False,True,False
305,2,False,False,,False,False
306,2,False,False,,False,True
311,0,,False,False,False,False
312,0,,False,False,False,False
314,2,False,False,,False,False
315,3,False,False,False,,True
318,4,False,False,False,True,
319,1,False,,False,False,False
321,0,,False,False,False,False
322,3,False,False,False,,False
324,1,False,,False,False,False
325,4,False,False,True,False,
326,2,False,False,,True,False
327,2,False,False,,False,False
328,1,False,,False,False,False
329,4,False,False,True,False,
330,3,False,True,True,,False
331,1,False,,False,False,True
335,3,False,False,False,,False
336,4,False,False,False,False,
337,1,False,,False,False,False
338,1,False,,False,False,False
339,0,,False,False,False,True
341,2,False,False,,False,True
342,4,False,False,False,False,
343,4,False,False,False,False,
344,1,False,,False,False,False
345,1,False,,True,True,False
346,1,False,,False,False,False
347,1,False,,False,False,False
348,3,True,False,False,,False
349,3,False,False,False,,False
354,3,False,False,False,,False
355,1,False,,False,False,False
356,0,,False,False,True,True
357,3,False,False,False,,False
358,0,,False,False,False,False
359,3,False,True,False,,False
360,4,False,False,False,False,
361,4,False,False,False,False,
362,4,True,False,False,False,
363,3,False,False,False,,True
364,1,False,,False,False,True
365,3,True,False,False,,False
366,2,False,False,,False,False
367,0,,True,False,False,False
368,0,,False,False,False,False
369,2,False,True,,False,False
371,1,False,,False,False,False
372,1,False,,True,False,False
373,4,True,False,False,False,
374,2,False,False,,False,False
375,3,False,False,False,,False
376,3,False,False,False,,False
377,4,False,False,True,True,
378,2,False,False,,False,False
379,3,False,False,True,,False
381,2,False,False,,False,True
382,2,False,False,,True,False
384,1,False,,False,False,False
385,1,False,,False,True,False
386,3,False,False,True,,False
387,1,False,,False,False,False
388,2,False,False,,False,False
389,4,False,True,False,False,
392,4,False,False,False,False,
393,2,False,False,,False,False
394,2,False,False,,False,False
395,2,False,False,,False,False
396,1,False,,False,False,False
397,0,,False,False,False,False
399,3,True,False,False,,True
400,1,False,,False,False,False
401,2,False,False,,False,False
402,0,,False,True,False,False
403,2,True,False,,True,False
404,0,,False,False,False,False
406,2,True,False,,False,False
407,4,False,False,False,False,
409,0,,False,False,True,False
410,1,False,,False,False,False
411,4,True,False,False,True,
415,0,,False,False,False,False
416,1,False,,False,False,False
417,0,,True,False,False,False
419,0,,False,False,False,False
420,0,,False,False,False,False
421,4,False,False,False,False,
423,1,False,,False,False,False
424,1,False,,False,False,False
425,4,False,False,True,False,
427,3,False,True,False,,False
428,2,False,False,,False,False
429,2,False,False,,False,False
430,1,True,,False,True,False
431,3,True,False,False,,True
432,2,False,False,,False,False
433,0,,False,False,False,False
434,2,False,False,,False,True
436,3,False,False,False,,False
437,2,False,False,,False,False
438,2,False,False,,False,False
439,0,,False,True,False,False
441,4,False,False,False,False,
443,3,True,False,False,,False
444,4,False,False,False,False,
445,2,True,False,,False,False
446,4,False,False,False,False,
447,4,True,False,False,False,
448,2,False,False,,False,False
449,1,False,,False,False,False
450,3,False,False,False,,False
451,3,False,False,False,,False
454,0,,False,False,False,False
455,4,False,False,False,False,
459,2,False,False,,False,False
461,0,,False,False,False,False
462,1,False,,False,False,False
463,4,False,False,False,False,
464,4,False,False,True,False,
465,3,False,False,False,,False
466,3,False,False,True,,False
467,4,False,False,True,False,
468,0,,True,False,False,False
469,3,False,False,False,,False
470,1,False,,False,False,False
471,3,False,False,False,,False
472,0,,False,False,False,False
473,1,False,,False,False,False
474,2,False,False,,False,False
477,3,False,False,True,,False
478,4,False,True,False,False,
479,4,False,False,True,True,
480,0,,False,False,False,False
481,0,,True,False,False,False
483,3,False,False,True,,False
484,2,False,False,,False,False
485,3,True,False,False,,False
487,2,True,False,,True,False
488,4,False,False,False,False,
489,3,False,False,False,,False
490,2,False,False,,True,False
491,2,False,False,,True,False
492,2,False,False,,True,False
493,0,,False,False,False,False
494,4,False,False,False,False,
495,2,True,False,,False,False
496,4,False,False,False,False,
497,2,False,False,,False,False
498,1,False,,False,False,False
499,2,False,False,,False,False
500,1,False,,False,False,False
501,2,False,False,,False,False
502,1,False,,False,False,False
503,1,False,,False,False,False
504,3,False,True,True,,False
505,3,False,False,False,,False
506,1,False,,False,False,True
507,3,True,False,False,,False
508,0,,False,False,False,False
509,1,False,,False,False,False
510,1,False,,False,False,False
511,1,False,,False,False,True
514,2,False,False,,True,False
516,3,False,False,False,,True
519,4,False,False,False,False,
520,0,,False,False,True,False
522,3,False,False,False,,False
523,2,False,False,,False,True
524,1,False,,False,False,False
526,4,False,False,False,False,
528,1,False,,True,False,False
530,1,False,,True,False,False
532,2,False,True,,False,False
533,2,True,False,,False,True
534,4,False,False,False,True,
535,0,,False,False,False,False
536,4,False,True,False,False,
537,4,False,False,False,False,
538,3,True,True,False,,False
539,3,False,False,False,,False
540,1,False,,False,False,False
541,4,False,False,False,False,
543,1,True,,False,False,False
545,4,False,False,False,False,
547,4,False,False,False,False,
548,3,False,False,False,,False
549,4,False,False,False,False,
550,4,False,False,False,False,
552,2,False,False,,False,False
553,0,,True,False,False,False
554,1,False,,False,False,False
557,1,False,,False,False,False
558,3,False,False,False,,False
559,0,,False,False,False,False
560,1,False,,True,False,False
562,2,False,False,,False,False
566,0,,False,False,False,False
567,1,False,,False,False,False
568,1,False,,False,False,False
569,2,False,False,,False,False
570,1,False,,True,False,False
574,0,,False,False,False,False
575,3,False,False,False,,False
576,4,False,False,False,False,
577,1,False,,False,False,False
578,2,False,True,,False,False
579,4,False,True,False,False,
580,3,False,False,False,,False
581,4,False,False,False,False,
582,0,,False,False,False,False
583,4,False,False,False,True,
584,4,False,False,True,False,
585,0,,False,False,False,False
586,1,False,,False,False,False
587,3,False,False,False,,False
588,3,False,False,False,,False
589,4,False,False,False,False,
590,1,False,,False,False,False
591,1,False,,False,False,False
592,4,True,False,False,False,
593,1,False,,False,False,False
594,4,False,False,False,False,
596,3,False,False,False,,False
597,0,,False,True,False,False
598,0,,False,False,True,False
600,3,False,False,False,,False
602,2,False,False,,False,False
603,4,False,False,False,False,
604,3,False,True,False,,False
605,0,,True,False,False,True
606,1,True,,False,False,False
607,4,False,False,False,False,
609,0,,False,True,False,False
610,3,False,False,False,,False
611,0,,False,True,False,False
612,1,False,,True,False,False
613,0,,False,False,False,False
614,0,,False,True,False,False
615,4,False,False,False,False,
617,3,False,False,False,,False
618,3,False,False,False,,False
619,2,False,False,,False,True
620,3,False,False,False,,False
621,3,False,False,False,,False
622,3,False,False,False,,True
623,1,False,,False,False,False
624,3,False,False,False,,False
625,4,True,False,False,True,
626,3,False,False,False,,False
627,2,False,False,,False,False
628,3,False,True,False,,False
629,2,False,False,,False,False
631,1,False,,False,False,True
632,1,False,,True,False,False
633,0,,False,False,True,True
636,3,True,False,False,,False
637,0,,False,False,False,False
638,0,,False,False,False,False
640,3,False,False,False,,True
641,1,False,,False,False,False
643,4,False,False,True,False,
644,2,False,False,,False,False
645,1,False,,False,False,False
646,4,False,False,False,False,
647,3,False,False,False,,False
648,3,False,False,False,,False
649,4,False,False,False,True,
650,4,False,False,False,False,
651,0,,False,False,False,False
652,4,False,False,False,True,
653,1,False,,False,False,False
655,2,False,False,,False,False
656,1,False,,False,False,False
657,2,True,False,,False,True
659,0,,False,False,False,False
660,0,,True,False,False,False
661,4,False,False,False,False,
662,0,,False,False,False,False
663,0,,False,False,False,False
664,1,False,,False,False,True
665,2,False,True,,False,False
666,2,False,False,,False,False
667,2,False,False,,False,False
668,4,False,True,False,False,
669,3,False,False,False,,False
670,3,False,False,False,,False
671,4,True,False,False,False,
672,0,,False,False,False,False
673,2,False,False,,False,False
674,3,False,False,False,,False
675,3,False,True,False,,False
676,3,False,False,False,,False
677,0,,False,True,True,False
678,3,False,False,False,,False
679,1,False,,False,True,False
680,4,False,False,False,False,
681,2,False,False,,False,False
682,3,False,False,False,,False
683,0,,False,False,False,False
684,0,,False,False,False,False
688,3,False,True,False,,False
689,2,False,False,,True,False
690,3,True,False,False,,False
691,0,,False,False,False,False
692,1,False,,False,False,False
693,1,False,,False,False,False
694,0,,False,False,False,True
696,1,False,,False,False,False
697,1,False,,False,False,False
698,1,False,,False,True,False
701,4,False,False,False,False,
702,1,False,,False,False,False
703,2,False,False,,False,False
704,0,,False,False,False,True
705,3,False,False,False,,False
706,3,False,False,False,,False
707,2,False,False,,True,False
708,2,False,True,,False,False
709,4,False,False,True,True,
710,3,False,False,False,,False
712,0,,False,False,False,False
713,1,False,,False,False,False
714,2,False,False,,False,False
717,3,False,False,False,,False
719,2,False,False,,False,False
720,0,,False,False,False,False
721,4,False,True,False,False,
722,0,,False,False,False,False
723,4,False,False,False,False,
724,2,False,False,,False,False
725,2,False,False,,False,False
727,2,False,False,,False,False
728,3,False,False,False,,False
729,2,False,True,,True,False
732,4,False,False,True,False,
733,0,,False,False,False,False
734,3,False,False,False,,False
735,2,False,False,,False,False
737,2,False,False,,False,False
738,0,,False,False,False,False
739,0,,False,False,False,False
741,4,False,False,False,False,
742,3,False,True,False,,True
743,3,False,False,False,,False
744,4,False,False,False,False,
745,1,False,,False,False,False
747,1,False,,False,False,True
748,1,False,,True,False,False
749,0,,False,False,False,False
750,0,,False,False,False,False
753,2,False,False,,True,False
754,2,False,False,,False,False
755,2,False,False,,False,False
756,0,,False,False,True,False
757,0,,False,False,False,False
758,3,False,False,False,,False
760,0,,False,False,False,False
761,4,False,False,False,False,
762,1,False,,True,False,False
763,4,False,False,False,False,
764,3,False,False,False,,False
765,0,,False,False,False,False
766,0,,False,False,True,False
767,2,False,False,,False,False
768,2,False,False,,False,True
769,1,False,,True,True,False
770,1,False,,False,True,True
771,3,False,False,False,,True
772,0,,False,False,False,False
773,0,,False,False,False,False
774,4,False,False,False,False,
775,3,False,False,False,,False
776,0,,False,False,False,False
777,3,False,False,False,,False
778,2,False,False,,False,False
779,4,False,True,False,False,
780,4,False,False,False,False,
781,1,False,,False,False,False
782,4,False,True,False,False,
783,3,False,False,False,,False
784,3,False,False,False,,False
786,4,False,False,False,False,
787,3,False,False,False,,False
788,2,False,False,,True,False
789,3,False,True,False,,False
790,4,False,False,True,False,
791,0,,False,False,False,False
793,0,,False,False,False,False
794,2,False,False,,True,False
796,3,False,False,False,,False
797,0,,False,False,False,False
799,1,False,,False,False,False
800,1,False,,False,False,False
801,4,False,False,False,False,
802,2,False,False,,False,False
803,4,False,False,False,False,
805,4,False,False,False,False,
807,4,False,False,False,False,
808,4,False,False,False,False,
809,3,False,False,False,,True
811,0,,True,False,False,False
812,4,True,False,False,False,
814,4,False,False,False,False,
816,2,False,True,,True,True
819,0,,False,False,False,False
820,4,False,False,False,False,
821,1,False,,True,False,False
822,4,False,False,False,False,
823,0,,False,False,False,False
824,3,True,False,False,,False
826,4,True,False,False,False,
827,4,False,False,False,False,
828,2,False,False,,False,True
829,3,True,False,False,,False
830,2,False,False,,False,True
831,4,False,False,False,False,
833,1,False,,False,False,False
834,1,False,,False,False,False
835,1,False,,False,False,False
836,2,False,False,,False,False
838,0,,False,False,False,False
839,2,False,False,,False,False
840,2,False,False,,False,False
841,0,,False,False,False,False
842,1,False,,False,False,False
843,4,False,True,False,False,
844,0,,False,False,False,True
845,3,False,False,True,,True
847,0,,False,False,False,True
848,3,False,False,False,,False
849,2,False,False,,False,False
851,2,False,False,,True,False
852,2,False,False,,False,False
853,4,True,False,False,False,
854,2,False,False,,False,False
855,1,False,,False,False,False
856,1,False,,False,False,False
857,2,False,True,,True,False
858,1,False,,False,False,False
859,1,False,,False,False,False
862,4,True,False,False,False,
863,3,False,False,False,,True
864,3,True,False,False,,False
866,4,False,False,False,True,
867,3,True,False,False,,False
868,0,,False,False,True,False
871,2,False,False,,False,False
872,0,,False,False,False,True
873,3,False,False,False,,False
874,1,False,,True,False,False
875,3,False,False,False,,False
876,3,True,False,False,,False
877,0,,False,False,False,True
883,1,False,,False,False,True
884,4,False,False,False,False,
885,2,False,False,,True,False
887,2,False,False,,False,False
888,2,False,False,,False,False
889,0,,False,False,False,False
890,2,False,False,,False,False
891,3,False,False,False,,False
892,2,False,False,,False,False
893,1,False,,False,False,False
894,3,False,False,False,,False
895,4,True,False,True,False,
897,3,False,True,False,,False
898,0,,False,True,False,False
899,1,False,,False,False,False
901,3,False,False,True,,False
902,4,False,False,False,False,
903,1,True,,False,False,False
904,4,False,False,False,False,
906,3,True,False,False,,False
908,1,False,,False,False,True
909,1,False,,False,True,True
910,3,False,False,False,,False
911,2,False,False,,False,False
912,4,True,False,False,False,
913,3,False,False,False,,False
914,1,False,,False,False,False
916,2,False,False,,False,False
917,2,False,True,,False,False
918,0,,False,False,False,False
919,2,False,False,,False,False
920,1,False,,False,False,False
921,0,,False,True,False,False
922,0,,False,False,False,False
923,0,,True,False,False,False
924,1,False,,False,False,False
927,1,False,,False,False,True
928,1,False,,False,False,False
929,1,False,,False,False,False
931,1,False,,False,False,False
932,0,,False,False,False,False
933,4,False,False,False,False,
934,2,False,False,,False,False
935,2,False,False,,False,False
936,3,False,False,False,,False
938,4,False,False,False,False,
941,0,,False,False,False,False
942,3,True,False,False,,False
943,3,True,False,False,,False
944,4,False,False,False,False,
945,4,True,False,False,False,
947,1,False,,True,False,False
948,4,False,False,False,False,
950,4,False,True,False,False,
951,3,False,False,False,,False
952,4,False,False,False,False,
953,3,False,False,False,,True
954,1,False,,False,False,True
956,4,True,False,False,False,
957,4,False,False,False,False,
958,1,False,,False,False,False
960,0,,False,False,False,False
962,2,False,True,,False,False
963,0,,False,False,False,False
964,4,False,False,False,False,
965,0,,False,False,False,False
966,2,False,False,,False,False
967,1,False,,False,False,False
968,2,False,True,,False,False
969,4,False,False,False,False,
970,4,False,False,False,False,
971,4,True,False,False,False,
972,4,False,False,False,False,
973,3,False,False,False,,False
975,4,False,False,False,False,
979,3,False,False,False,,False
981,1,False,,False,False,False
982,3,False,False,True,,True
983,4,False,False,False,False,
984,2,False,False,,False,False
985,1,False,,False,False,True
986,1,False,,False,False,False
988,4,False,False,False,False,
989,2,False,False,,True,False
991,4,False,True,False,False,
993,0,,False,False,False,False
994,0,,False,False,False,False
997,3,False,False,False,,False
998,0,,False,False,False,False
999,2,False,False,,False,False
1000,0,,False,False,False,False
1001,2,False,False,,False,False
1002,0,,True,False,True,False
1003,0,,True,False,False,False
1004,3,False,False,False,,False
1005,1,False,,False,False,False
1006,1,False,,False,False,True
1007,2,False,False,,False,False
1008,0,,False,False,False,False
1009,1,False,,False,False,False
1010,0,,False,False,False,False
1011,4,False,False,False,False,
1012,2,False,False,,False,False
1013,2,False,True,,False,False
1014,3,True,False,False,,False
1015,2,False,False,,False,False
1016,0,,False,False,False,False
1017,1,False,,False,False,False
1018,0,,False,True,False,False
1019,2,False,False,,False,False
1020,3,False,False,False,,False
1021,4,False,False,False,False,
1022,3,False,False,False,,False
1023,1,False,,False,False,False
1024,3,False,False,True,,False
1025,0,,False,False,False,False
1026,1,False,,False,False,False
1027,2,False,False,,False,False
1028,1,False,,False,False,False
1029,0,,False,False,False,True
1030,2,True,False,,True,False
1032,3,False,True,False,,False
1036,3,False,False,False,,False
1037,2,False,False,,False,False
1038,1,False,,False,False,False
1039,4,False,False,False,False,
1040,1,True,,False,False,False
1041,0,,False,False,False,False
1044,3,False,False,False,,False
1045,3,False,False,False,,False
1046,2,False,False,,False,False
1047,0,,False,False,False,False
1048,0,,False,False,False,False
1049,3,False,False,False,,False
1050,2,False,False,,False,False
1051,0,,False,False,False,False
1052,4,False,False,False,False,
1053,3,False,False,False,,False
1054,0,,True,False,False,False
1055,1,False,,False,False,False
1056,0,,False,False,False,False
1057,1,False,,False,False,False
1058,0,,False,False,False,False
1059,0,,False,False,False,False
1060,1,True,,False,False,False
1061,3,True,True,True,,True
1062,3,False,False,False,,False
1063,4,False,False,True,False,
1065,4,False,False,False,False,
1067,3,False,False,False,,False
1070,0,,False,False,False,False
1071,1,False,,False,False,False
1072,3,False,False,False,,False
1073,3,False,False,False,,False
1074,3,False,False,False,,False
1075,3,False,False,False,,False
1080,2,False,True,,False,False
1082,3,False,False,True,,False
1083,0,,False,False,False,False
1086,4,True,False,False,False,
1087,3,True,False,False,,False
1088,4,False,False,False,False,
1089,3,False,False,False,,False
1090,4,False,False,False,False,
1093,3,False,False,False,,False
1094,0,,False,False,False,False
1095,2,False,False,,False,False
1096,0,,False,False,True,False
1097,2,False,False,,False,False
1098,0,,False,False,False,True
1099,4,False,False,False,False,
1100,4,False,False,False,False,
1101,0,,False,False,False,False
1102,0,,False,False,False,False
1104,4,False,True,False,False,
1105,1,True,,False,False,False
1106,0,,False,False,False,False
1107,1,False,,False,False,False
1112,2,False,True,,False,False
1113,1,False,,False,False,False
1114,2,False,False,,False,False
1115,2,False,False,,False,False
1116,4,False,False,False,False,
1117,1,False,,False,True,False
1118,3,False,False,False,,False
1119,1,False,,False,False,False
1120,3,False,False,True,,False
1123,4,False,False,False,False,
1124,3,False,False,True,,False
1130,3,False,False,False,,False
1131,4,False,False,False,False,
1132,2,False,False,,False,False
1133,0,,False,True,False,False
1134,4,False,True,False,False,
1135,2,False,False,,False,True
1136,0,,False,False,False,False
1138,0,,False,False,False,False
1139,3,False,False,False,,False
1140,4,True,False,False,False,
1141,1,False,,False,True,False
1142,0,,False,False,False,True
1144,2,False,False,,False,False
1146,2,False,False,,False,False
1147,1,False,,False,False,False
1148,4,False,False,False,False,
1149,0,,False,False,False,False
1150,4,False,False,False,False,
1152,0,,False,False,False,False
1155,0,,False,False,False,False
1160,0,,True,False,False,False
1161,2,False,False,,False,False
1162,0,,False,False,False,True
1164,0,,False,False,True,False
1165,3,False,False,False,,False
1166,2,False,False,,False,False
1167,2,False,False,,False,False
1168,3,False,False,False,,False
1169,3,False,False,False,,False
1170,0,,True,False,False,False
1172,2,True,False,,False,False
1174,1,False,,False,False,False
1175,0,,False,True,True,False
1176,1,False,,False,False,False
1177,1,False,,False,False,False
1179,3,False,False,False,,False
1180,0,,False,False,True,True
1183,4,False,False,False,True,
1185,4,False,True,False,False,
1186,4,False,False,True,False,
1188,1,False,,False,False,False
1189,4,False,False,False,False,
1190,1,False,,False,False,False
1191,1,False,,False,False,False
1192,3,False,False,True,,False
1193,0,,False,False,False,False
1194,4,False,False,False,False,
1195,3,False,False,False,,False
1196,1,False,,False,False,False
1198,1,False,,False,True,False
1199,2,True,False,,False,False
1200,2,False,False,,True,True
1201,2,False,False,,False,False
1202,2,False,False,,False,False
1203,2,False,True,,False,False
1204,4,True,False,False,False,
1205,2,False,False,,False,False
1206,4,False,False,False,False,
1207,4,False,False,False,False,
1209,2,False,False,,True,False
1211,4,False,False,False,False,
1212,4,True,False,False,False,
1213,0,,False,False,False,False
1214,1,False,,False,False,False
1215,0,,False,False,True,False
1216,0,,False,False,False,False
1217,0,,False,False,False,False
1218,1,False,,False,False,False
1219,3,True,True,False,,False
1220,2,False,False,,False,False
1222,4,False,False,False,False,
1223,0,,False,False,False,True
1225,0,,False,False,False,False
1227,1,False,,False,False,False
1228,2,False,True,,False,False
1229,0,,False,False,False,False
1230,4,True,False,False,False,
1232,1,False,,False,False,False
1233,2,False,False,,False,False
1234,1,True,,False,False,False
1235,2,False,False,,True,False
1237,3,False,False,False,,False
1238,2,False,False,,False,True
1239,0,,False,False,False,False
1240,0,,False,True,False,False
1241,4,False,False,False,False,
1242,0,,False,True,False,True
1244,2,True,False,,False,False
1245,1,False,,False,False,True
1246,3,False,False,False,,False
1247,2,False,False,,True,False
1248,4,False,False,False,False,
1249,3,False,False,False,,False
1250,4,True,True,True,False,
1251,3,False,False,False,,False
1252,0,,False,False,False,False
1253,1,False,,False,False,False
1254,4,False,False,False,False,
1255,3,False,False,False,,False
1257,2,False,False,,True,False
1258,1,False,,False,False,False
1264,4,False,False,False,False,
1266,3,False,False,False,,False
1267,4,False,False,True,False,
1268,1,False,,False,False,False
1271,4,True,True,False,False,
1274,3,False,False,False,,True
1275,3,False,False,False,,False
1276,1,False,,False,False,False
1277,3,False,False,False,,False
1278,0,,False,False,False,False
1280,0,,False,False,False,False
1281,4,False,False,False,False,
1282,3,False,True,False,,False
1283,0,,False,False,False,False
1284,0,,False,False,False,False
1285,4,False,False,False,False,
1286,1,False,,False,False,False
1288,2,False,False,,False,False
1290,1,False,,True,False,False
1291,1,True,,False,False,False
1292,2,False,False,,False,False
1293,0,,False,False,False,False
1294,0,,False,False,False,False
1295,4,False,False,False,False,
1297,4,False,False,False,False,
1298,0,,False,False,False,False
1299,0,,False,False,False,False
1302,2,False,False,,False,False
1304,0,,False,False,False,True
1305,2,False,True,,False,False
1308,2,False,False,,False,False
1309,1,False,,False,False,False
1310,3,False,False,False,,False
1311,3,False,False,False,,False
1312,0,,False,False,False,False
1313,3,False,True,False,,False
1314,0,,True,False,False,False
1315,0,,False,False,False,True
1316,2,False,False,,True,False
1317,4,False,False,False,False,
1318,4,True,True,False,False,
1319,0,,False,True,False,False
1320,0,,False,False,False,False
1322,4,False,False,False,False,
1324,0,,False,False,True,False
1325,0,,False,False,False,False
1326,2,False,False,,False,False
1327,3,False,False,False,,False
1328,2,False,True,,False,False
1330,0,,False,False,False,True
1331,1,False,,False,False,True
1332,3,False,False,False,,False
1334,4,False,False,False,False,
1336,0,,False,False,False,False
1339,1,False,,False,False,False
1340,2,False,False,,False,False
1341,4,False,False,False,False,
1344,3,False,False,False,,False
1346,1,False,,True,False,False
1347,3,False,False,True,,False
1348,3,False,False,False,,False
1350,4,False,False,False,False,
1351,3,False,False,True,,False
1353,0,,False,False,False,False
1354,4,False,False,False,False,
1355,2,False,False,,False,False
1356,1,False,,False,False,False
1357,3,False,False,False,,False
1358,3,False,False,True,,False
1359,3,False,False,False,,False
1360,1,False,,False,False,False
1361,2,False,False,,False,False
1362,2,False,False,,False,False
1363,2,False,False,,True,False
1365,2,False,False,,False,False
1366,0,,False,True,False,False
1368,3,False,False,False,,False
1369,4,False,False,False,False,
1370,3,False,False,False,,False
1388,4,False,False,False,False,
1389,4,True,False,False,False,
1390,3,True,False,False,,False
1391,3,False,False,False,,False
1392,4,False,False,False,True,
1393,4,False,True,False,False,
1394,0,,True,False,False,False
1395,4,False,False,False,False,
1396,4,False,False,False,False,
1397,4,True,False,False,False,
1398,0,,False,False,True,False
1399,1,False,,False,True,False
1400,3,False,False,True,,False
1403,2,False,False,,False,False
1404,1,False,,False,False,False
1405,3,False,False,False,,True
1407,4,False,True,False,False,
1408,3,False,False,False,,False
1409,0,,False,False,False,False
1410,4,False,False,False,False,
1414,0,,False,False,False,False
1415,2,False,False,,False,True
1416,3,False,False,False,,False
1417,0,,False,False,False,False
1418,1,False,,False,False,False
1419,0,,False,False,False,False
1420,1,False,,False,False,True
1421,1,False,,True,True,False
1422,2,False,False,,False,False
1423,4,False,False,False,False,
1424,1,False,,False,False,False
1425,3,False,False,False,,False
1426,1,False,,True,False,True
1427,3,False,False,False,,False
1428,3,False,False,True,,False
1430,2,False,False,,False,False
1431,2,False,False,,True,False
1432,0,,False,False,True,False
1433,4,False,False,False,False,
1434,3,False,False,True,,False
1435,4,True,False,False,False,
1436,1,False,,False,False,False
1437,3,False,True,False,,False
1438,0,,False,False,False,False
1439,0,,True,False,False,False
1440,1,False,,False,False,False
1441,0,,False,False,False,False
1442,1,False,,False,False,False
1443,2,False,False,,False,False
1444,0,,False,False,False,False
1445,3,False,False,True,,False
1448,2,False,False,,False,False
1449,1,False,,False,False,False
1450,3,False,False,False,,False
1451,0,,False,False,False,False
1452,3,False,False,False,,False
1453,3,False,True,True,,False
1455,1,False,,False,False,False
1456,2,False,False,,False,True
1457,2,False,False,,True,False
1458,1,False,,False,False,True
1459,2,False,False,,False,False
1460,2,False,False,,False,False
1461,4,False,False,False,False,
1462,2,False,False,,False,True
1463,3,False,False,False,,False
1464,3,False,False,False,,False
1465,2,False,False,,False,False
1466,1,False,,False,False,False
1467,3,False,False,False,,False
1468,2,False,False,,False,False
1469,2,False,False,,False,False
1470,1,False,,False,False,False
1471,4,True,False,False,True,
1472,2,False,False,,False,False
1473,2,False,False,,False,False
1474,1,False,,False,False,False
1475,4,True,False,False,False,
1476,1,False,,False,False,False
1477,3,True,False,False,,False
1479,1,False,,True,False,False
1481,0,,False,False,False,False
1483,0,,False,False,True,True
1484,3,False,False,True,,False
1485,0,,False,False,False,False
1486,0,,False,False,False,False
1487,1,False,,False,False,False
1488,0,,False,False,False,False
1489,4,False,False,True,False,
1491,0,,False,False,False,False
1492,1,False,,False,False,False
1493,0,,False,False,False,False
1494,3,False,False,False,,False
1495,3,False,False,False,,False
1496,2,False,False,,False,True
1498,2,True,False,,False,False
1499,2,True,False,,False,False
1500,2,False,False,,False,False
1501,2,False,False,,False,False
1504,1,True,,False,False,False
1507,0,,False,False,False,False
1508,1,False,,False,False,False
1509,0,,False,False,False,False
1510,4,False,False,False,False,
1511,3,False,False,False,,False
1512,3,False,False,False,,False
1513,4,False,False,False,False,
1514,4,False,False,False,False,
1515,0,,False,False,False,False
1516,2,True,False,,False,False
1517,3,False,False,True,,False
1518,2,False,True,,True,False
1519,1,False,,False,True,True
1520,4,False,False,False,False,
1521,2,False,False,,False,False
1522,0,,False,False,False,False
1523,0,,False,False,False,False
1524,4,False,False,False,False,
1525,4,False,False,False,False,
1526,0,,False,False,False,False
1527,1,False,,False,True,False
1530,2,False,False,,False,False
1531,4,False,True,False,False,
1534,3,False,False,False,,False
1535,4,False,False,True,False,
1537,3,False,False,False,,False
1538,0,,False,False,False,False
1540,2,False,False,,False,False
1542,4,True,False,False,False,
1543,3,False,False,False,,False
1544,1,False,,False,False,False
1545,3,False,False,False,,False
1546,1,False,,False,False,False
1549,3,False,False,False,,False
1550,0,,False,False,False,False
1552,4,False,False,False,False,
1553,4,False,False,False,False,
1554,3,False,False,False,,False
1555,1,False,,False,False,False
1556,0,,False,False,False,False
1557,1,True,,False,False,False
1558,2,True,False,,False,False
1560,1,False,,False,False,False
1561,1,False,,False,False,False
1562,1,False,,False,False,False
1563,2,False,False,,False,False
1565,4,True,False,False,False,
1566,2,False,False,,False,False
1567,3,True,True,False,,False
1568,0,,False,False,False,False
1569,4,False,False,False,False,
1570,4,False,False,False,False,
1571,2,False,True,,False,False
1572,3,False,False,False,,False
1574,2,False,False,,False,False
1575,0,,True,False,False,False
1576,0,,False,False,False,False
1577,3,True,False,False,,False
1578,4,False,False,False,True,
1579,0,,False,True,True,False
1580,4,False,False,False,False,
1581,4,False,False,False,False,
1582,4,False,True,False,False,
1583,2,False,True,,False,False
1584,1,False,,False,False,True
1587,4,False,False,False,True,
1588,1,False,,False,False,False
1589,4,False,False,True,True,
1590,2,False,False,,True,False
1592,2,False,False,,False,True
1593,0,,False,False,False,True
1594,2,False,False,,True,False
1595,4,False,False,False,False,
1596,4,False,False,False,False,
1598,1,False,,False,False,False
1599,4,False,False,False,False,
1600,3,False,True,False,,False
1602,2,False,False,,False,False
1604,1,False,,False,False,False
1605,4,False,False,False,True,
1607,0,,False,False,False,True
1608,4,False,False,False,False,
1609,0,,False,False,False,False
1610,4,False,True,False,False,
1611,1,False,,False,False,False
1612,3,False,False,False,,False
1614,4,False,True,False,False,
1615,1,False,,False,False,False
1616,1,False,,False,False,False
1618,3,False,False,False,,False
1619,0,,False,False,False,False
1621,4,False,False,False,False,
1622,3,False,True,False,,False
1623,2,False,False,,False,False
1624,3,False,False,False,,False
1625,0,,False,False,False,False
1626,0,,False,False,False,False
1627,1,False,,False,False,False
1629,2,False,False,,False,False
1631,1,False,,True,False,False
1632,1,False,,False,False,False
1633,4,False,False,False,False,
1634,2,False,False,,False,False
1636,2,False,False,,False,True
1637,4,False,False,False,False,
1638,4,False,False,False,False,
1641,3,False,False,False,,False
1642,1,False,,False,False,True
1643,3,True,True,False,,False
1644,4,False,False,False,True,
1646,0,,False,False,False,False
1647,4,False,False,False,False,
1649,4,False,True,False,False,
1650,4,True,False,False,False,
1651,3,False,False,False,,False
1654,1,True,,False,False,False
1655,0,,True,False,False,False
1656,1,False,,False,False,True
1657,3,False,False,False,,False
1658,0,,False,False,False,False
1660,2,False,False,,True,False
1661,4,False,False,False,False,
1662,3,False,False,True,,False
1663,4,False,False,False,False,
1665,0,,False,False,False,False
1666,2,False,False,,False,False
1667,4,False,False,False,False,
1668,0,,True,False,False,False
1669,0,,False,False,False,False
1670,3,False,True,False,,False
1671,0,,False,False,True,True
1672,0,,False,False,False,True
1673,3,False,False,True,,False
1674,0,,False,False,False,False
1676,1,False,,True,False,False
1677,0,,False,False,False,False
1678,2,False,False,,False,False
1681,1,False,,False,True,False
1682,2,True,False,,True,False
1683,3,False,False,True,,False
1684,1,False,,False,False,False
1687,0,,False,False,False,False
1688,2,False,False,,False,False
1689,2,False,False,,True,False
1691,0,,False,False,False,False
1692,2,False,False,,False,False
1693,2,True,False,,False,False
1694,4,False,False,False,False,
1695,4,False,False,False,False,
1696,2,False,False,,False,True
1697,2,False,True,,False,False
1698,4,False,False,False,False,
1699,1,False,,False,False,False
1700,3,False,False,True,,False
1701,0,,False,False,False,False
1702,2,False,False,,False,False
1703,2,False,False,,False,False
1704,0,,False,False,False,False
1705,1,False,,False,False,False
1706,3,False,True,False,,False
1707,4,False,False,False,False,
1708,1,False,,False,False,False
1709,0,,False,False,False,False
1710,2,False,False,,False,False
1711,1,False,,False,False,False
1712,4,False,False,False,False,
1713,3,False,False,False,,True
1714,4,False,False,True,True,
1715,3,False,False,False,,True
1716,1,False,,True,False,False
1717,3,False,False,False,,False
1718,2,False,False,,False,False
1719,1,False,,False,False,False
1721,2,False,False,,False,False
1722,1,True,,False,False,False
1723,0,,False,False,False,False
1724,3,False,False,False,,False
1725,1,False,,False,False,False
1727,3,False,False,False,,False
1728,3,False,False,False,,False
1729,1,False,,False,False,False
1730,1,False,,False,False,False
1731,1,False,,False,False,False
1732,2,False,False,,False,False
1734,1,False,,True,False,False
1735,4,False,False,False,False,
1736,1,False,,False,False,False
1737,1,False,,False,False,False
1738,2,False,True,,False,False
1739,1,False,,False,False,False
1740,4,False,False,False,False,
1741,4,False,False,False,False,
1742,0,,False,False,False,False
1744,0,,False,False,False,False
1745,3,False,False,False,,False
1746,0,,False,False,False,False
1747,0,,False,False,False,True
1748,3,False,False,False,,False
1749,1,False,,False,False,False
1750,3,False,False,False,,False
1751,4,False,False,False,False,
1752,1,False,,False,False,False
1754,2,False,False,,True,True
1755,0,,False,False,False,False
1756,2,False,False,,False,False
1757,3,False,False,False,,False
1758,4,False,False,False,False,
1759,2,False,False,,True,False
1760,0,,False,False,False,True
1761,0,,False,False,False,False
1762,0,,True,False,False,False
1763,1,True,,False,True,False
1764,2,False,False,,False,False
1765,2,False,False,,False,False
1766,3,True,False,False,,False
1767,2,False,False,,False,False
1768,3,False,True,False,,False
1769,3,False,False,True,,False
1770,4,False,False,False,False,
1771,1,False,,False,False,False
1772,4,False,False,False,False,
1773,1,False,,False,False,True
1774,2,False,False,,False,False
1775,3,False,False,False,,False
1776,3,False,False,False,,False
1777,0,,False,True,True,False
1778,1,False,,False,False,False
1780,0,,False,False,False,False
1783,4,False,False,False,False,
1784,2,False,True,,False,False
1785,2,False,False,,False,False
1786,3,False,False,False,,False
1787,4,False,False,False,False,
1788,3,False,False,False,,False
1789,3,False,False,False,,False
1790,1,False,,False,False,False
1791,4,False,False,False,False,
1792,0,,False,False,False,False
1793,1,True,,False,False,False
1794,4,False,False,False,False,
1795,0,,False,False,False,False
1796,3,False,True,False,,False
1799,0,,False,False,False,False
1800,2,False,False,,True,False
1801,4,False,False,False,False,
1802,0,,False,False,False,False
1803,1,False,,False,False,True
1805,2,False,False,,True,False
1806,0,,False,False,False,False
1807,3,False,False,False,,False
1808,1,False,,False,False,False
1809,1,False,,False,False,False
1810,2,False,False,,False,False
1811,1,False,,False,False,False
1812,0,,True,False,False,False
1813,3,False,False,False,,False
1814,3,True,False,False,,True
1815,0,,False,True,False,False
1816,1,False,,False,False,False
1817,1,False,,False,False,False
1819,1,False,,False,False,True
1820,0,,False,False,False,False
1821,3,True,False,False,,False
1822,1,False,,False,False,False
1823,2,False,False,,False,False
1824,1,False,,False,False,False
1825,2,False,False,,False,False
1826,4,False,False,False,False,
1828,4,False,False,False,False,
1829,0,,False,False,False,False
1830,0,,False,False,False,False
1831,0,,False,True,False,False
1832,3,False,False,False,,True
1833,4,False,False,True,False,
1835,3,True,False,False,,False
1836,2,False,False,,True,False
1837,4,True,True,True,False,
1838,0,,False,False,False,False
1839,4,False,False,False,False,
1840,0,,False,False,True,False
1841,0,,False,False,False,False
1842,3,False,False,False,,False
1843,0,,False,False,False,False
1844,2,False,False,,False,False
1845,4,False,False,False,False,
1847,4,False,True,False,False,
1850,1,False,,False,False,False
1851,2,False,False,,False,False
1852,1,False,,False,False,False
1853,1,False,,True,False,True
1854,0,,False,True,False,False
1855,3,False,False,False,,False
1856,3,False,True,False,,False
1857,2,False,False,,False,False
1858,2,False,True,,False,False
1859,3,False,False,False,,False
1860,1,False,,False,False,False
1861,3,False,False,False,,False
1862,2,True,False,,False,False
1863,3,False,False,False,,False
1864,2,False,False,,False,False
1865,0,,False,False,False,False
1866,0,,False,False,False,False
1868,2,False,False,,False,False
1869,4,False,False,False,False,
1870,2,False,False,,False,True
1871,4,False,False,False,False,
1874,4,False,False,False,False,
1875,2,True,False,,False,False
1878,1,False,,False,False,False
1879,4,False,False,False,False,
1880,1,False,,True,False,False
1881,3,False,False,True,,False
1882,3,False,False,False,,False
1883,4,False,False,False,False,
1884,0,,False,True,True,False
1887,2,True,False,,False,False
1888,4,False,False,False,False,
1889,1,True,,False,False,False
1890,0,,False,False,False,False
1891,4,False,False,False,False,
1892,2,False,False,,False,False
1893,2,False,False,,False,False
1894,0,,False,False,False,False
1895,2,False,False,,False,False
1896,1,False,,False,False,False
1897,4,False,True,False,False,
1898,4,False,False,False,False,
1899,1,False,,False,False,False
1900,3,False,False,False,,False
1901,1,False,,False,True,True
1902,1,False,,False,False,False
1903,4,False,False,False,False,
1904,0,,False,False,False,False
1905,4,False,False,False,False,
1906,3,True,True,False,,False
1907,3,False,False,False,,False
1908,4,False,True,False,False,
1909,1,False,,False,False,True
1910,1,False,,False,False,False
1911,2,False,False,,False,False
1912,3,False,False,False,,False
1913,2,True,False,,False,False
1914,2,False,False,,True,False
1915,2,False,False,,False,True
1916,0,,False,False,False,False
1917,4,False,False,False,False,
1919,3,True,False,False,,False
1920,1,False,,False,False,False
1921,0,,False,False,False,False
1922,3,False,False,False,,False
1923,4,False,False,False,True,
1924,0,,False,False,False,True
1925,2,False,False,,False,True
1926,4,False,False,False,False,
1927,3,False,False,True,,False
1928,2,False,False,,False,False
1929,3,False,False,False,,False
1930,1,False,,False,False,False
1931,4,True,False,False,False,
1932,2,True,False,,False,False
1933,0,,False,False,False,False
1934,0,,False,False,False,False
1935,4,False,False,False,False,
1937,0,,False,False,False,False
1939,1,False,,False,False,False
1940,4,False,False,False,False,
1941,2,False,False,,False,False
1942,3,False,False,False,,False
1943,0,,False,False,False,False
1944,2,False,False,,True,False
1945,3,False,False,False,,False
1946,2,False,False,,False,False
1947,3,False,False,True,,False
1949,3,False,True,False,,False
1950,4,False,False,False,False,
1951,0,,False,False,False,False
