"study_submission_id","memory","language","speed","executive_function"
1388,1.13764161093426,0.841224623001985,-0.179181875896289,0.028924870665127
1389,-2.14591066290729,-1.20127029312439,0.878504855841007,-0.0356726547058405
1390,1.27954518499233,-0.346770859516868,-2.38534702893339,-0.981323019761854
1391,-0.299597261934001,0.144813018347412,1.3185749689733,0.95908191778423
1392,0.195205552551319,-0.428323784925704,-0.0215708337166953,-1.11931192768702
1393,-0.424234166932494,-0.97069849789199,-1.65628784484009,-0.911336975359285
1394,0.124489595344845,0.281993329137563,0.387752526343154,0.417009568132275
1395,0.198760222189949,-0.393107924717524,0.572195697795357,0.289135378838029
1396,-0.140850059943326,0.583659677471461,0.9720851416766,0.888276728943654
1397,1.37265993418307,-1.45423132578425,1.32964167328834,0.711418402926397
1398,-0.831098877244925,0.0789439532638526,-0.357949608873324,0.481710363773371
1399,0.0940540201171645,1.10408162866476,1.09116164549175,0.563148839856935
1400,1.42222730972074,1.15918878972786,0.740627585554388,1.10059675246483
1403,0.210133525131184,0.365436350643032,0.559936893104713,-0.127655333361545
1404,0.979858297021162,0.695096029720822,0.201576176572231,0.334730866047963
1405,0.59896714503388,0.657342676035042,0.794390758304812,0.75715867100933
1407,-1.02134040233168,-0.972141744023805,-1.00759289349342,-0.437155152678897
1408,1.36518742491091,0.378561375791665,0.278790460413055,0.197094095367932
1409,-1.28611406920689,-0.483637549032714,0.0590494386740528,-0.965177144119926
1410,1.5840960942767,2.4051054040035,1.46375810912652,1.27835919838461
1414,-2.83377703750699,-1.21093395187102,-1.37761652433997,-2.10599381882569
1415,0.552860470228134,0.360958388516203,0.20728127142651,-1.27094623110716
1416,0.720857765026153,-0.239534351482083,0.605248169095667,0.289916116470622
1417,1.03789100073008,0.341339799151906,1.11909036881582,0.575809560550643
1418,1.09366132045133,1.85024351071798,0.36380049050619,0.940608830764354
1419,0.849254666559586,1.08547376218491,0.985500090099776,1.29767632130413
1420,-0.779126988410422,0.10836235262246,0.133011971201138,-0.182727378655557
1421,-0.156496436318189,-0.699721593991019,-1.73542732955751,-2.31413934967974
1422,1.07694078356548,0.982741860017239,-0.313902217222417,0.407456637784344
1423,-2.60457685678144,-0.249343752586912,0.0883663961925956,-0.11034953040891
1424,-1.24253111102272,-0.0915943037360668,0.0723042468130085,-0.0657452833442825
1425,-0.243920507089934,-0.589333793160104,0.114754070409561,-0.802270523741642
1426,-1.40422501009321,-0.202126437751425,-0.673611674103758,-1.54417595440556
1427,0.722720254654598,0.19317194699366,0.940785670591951,1.07877929720444
1428,0.263558752785843,0.630336512843109,0.548546008013679,-0.0968200006833584
1430,1.30169677115484,0.735778778958719,-0.630783675314914,-0.469596269058364
1431,-2.40461618890622,0.0711414013252879,-0.00770051920049251,0.34130328091187
1432,-1.9478099656178,0.598791175607502,0.168832325931553,0.246532804601257
1433,0.506966865445474,0.351737385517113,-0.448887865034407,-1.07440871540259
1434,0.442337768844786,0.180332024925869,0.614412471755491,-0.0384802690410282
1435,-0.190967543552762,-0.0270043494832529,1.18545254074334,1.22042675811449
1436,0.0953141951231835,1.79416245715995,0.860122101201213,1.18502941477262
1437,1.16382363215334,1.11415651897162,0.669502397722476,1.21498368977376
1438,-0.336527484858197,0.733952756726557,0.324735054871803,0.315853036679198
1439,0.131522541049231,-0.579980286817099,-1.47476181891259,-2.99885118011062
1440,-0.815751087957719,-0.426924956165667,0.909932388387208,0.0950577524585527
1441,0.182413535968216,1.14828425193009,0.311494482818003,0.667083564167126
1442,0.197023803746269,0.682816430645503,0.148050122892791,0.684457515622603
1443,0.545002003805405,0.780926178625761,0.667413237640326,1.2913391197416
1444,-2.45447571984386,-0.433017132124464,-1.1595349968983,-0.489028341319701
1445,-0.771830074006881,-0.477050592047342,-0.536141761681095,-1.61508437985755
1448,-0.0624083208957958,0.43621633084006,-0.466136101187412,0.249720005217738
1449,1.01471560503524,0.480386166586005,-0.429398154252149,-0.0743017583148212
1450,-1.58396802196836,0.0852280283150983,0.93793057537445,0.01041554735007
1451,1.09589063525612,0.94226947861681,0.921117202961443,0.290273388185549
1452,0.991905519978579,0.590963625612888,0.590729500446165,0.584328379861974
1453,-0.00953527980588734,0.718708026491143,-1.28769245928792,-0.573808341905663
1455,1.50756513892454,1.88674858204885,1.08619770226882,1.45575394047731
1456,-0.0819534578435288,0.499651395162222,0.433269455693234,0.676119432512295
1457,-1.76085962449751,-0.404784591784314,1.03821229115548,1.11517106004247
1458,-1.73859727494413,-1.57558533321048,0.0248898211209511,0.119990663190197
1459,-1.09321506530158,-1.48839357111133,-2.79489220421936,-1.43509981189073
1460,0.451755184563043,-1.09174202224024,-1.00024683050832,-1.76346866854279
1461,0.575578926818622,0.517898552650484,0.569082218753017,0.647612580980383
1462,-0.00558767082701574,0.949307053143183,0.504439259582074,0.714249688635589
1463,1.18753530824723,1.21272894609054,0.857002879289876,0.694790992722732
1464,-0.689961618420505,0.814131205544521,-0.661910362466705,0.145536978316571
1465,-0.648753125559182,-0.599787006757062,-1.24529553420312,-0.705177671870277
1466,0.573232963870748,0.108072782037955,-1.12741395294408,-0.814770464588384
1467,-1.03082158474781,0.429295807804953,0.0667981191864465,-0.148766544456158
1468,0.774427749999011,0.0876602964141934,-0.0737032935730051,0.507775638471787
1469,-0.654366400244724,-0.807483320952598,-1.14148811696435,-1.38909346213568
1470,0.75393918707835,0.751566975579596,0.760005452446019,0.641293697906641
1471,0.117588383300977,1.02766764891205,-0.400271959211098,0.226522262063275
1472,-0.261347299404541,0.176414787144609,-0.247799933351366,-1.17447171455343
1473,0.905620345103954,-0.0481373461911004,0.762408620517257,1.15950822290236
1474,1.02607725099022,-0.640046022725511,-0.943546772627516,-0.641943299738287
1475,0.717709086765701,1.65887270717227,0.885378940921506,0.990704772844843
1476,-0.0997228063861476,0.806313169398968,-0.293893280563098,0.439206279367145
1477,-1.46920721565201,-0.0449000737220335,1.03431656163618,0.790445214768419
1479,0.63996284384336,0.480585357435912,-0.872244868183771,1.03615976706846
1481,-1.05895545739235,-0.381578479459485,0.0189999535436858,-1.24919222507173
1483,1.38384168796794,1.92655911994161,1.08784990886971,1.44176428180922
1484,-2.01964188406716,1.38690497211014,0.363047829431195,0.324633962729763
1485,-0.177541135289216,-0.652722260846833,0.123655351177351,0.361282860732626
1486,1.06535068728975,0.265505595013292,0.240650383665567,0.190623831246873
1487,1.27756801532228,0.178690588297366,-0.239727993756872,-0.356952326345432
1488,-0.55555552131685,-0.00122138837565178,-1.01077212868901,0.229467842880101
1489,1.45701071902526,1.21901896805302,0.555496110041145,0.32762325392634
1491,0.23023774295814,0.160325203931989,-0.475872346375717,-0.425487099738266
1492,-1.04968084128563,0.739051754194615,-0.630529362408287,-2.13384681334735
1493,-0.0841336875484683,0.0214228581325797,1.22731151098893,1.14888810703474
1494,0.259690244901073,0.864496848888618,0.222009181152889,0.195968511724091
1495,0.621929134545205,0.937439875487015,1.21643225500823,0.98822022050551
1496,1.40365020162661,0.690647674798421,1.02301079859098,0.709554092216179
1498,0.630524332639764,1.41763226634563,0.296177161812833,0.983915452139288
1499,1.09297019959045,0.491383728599976,0.23220358959898,0.547061211670603
1500,0.195314252406518,0.421197566545319,0.00580851179085371,-0.040896700965148
1501,0.602744970474025,0.208637015303771,1.01945601735339,0.39037445850703
1504,0.877101486034027,0.720089164802792,-0.257269563728579,-0.304390895164954
1507,-0.464066333720972,0.296283370616248,0.933385230947865,0.532372968519013
1508,0.178091466615777,-0.557209346584965,1.31594897772218,0.423062593712234
1509,-0.35001277388004,0.443391748121821,0.400308475395551,-0.0822235318343924
1510,-0.971862670649175,0.0756445521877804,0.307977378492763,-0.337418944983351
1511,0.831412034871434,0.651541047184068,-0.366777838224249,-0.42676004051176
1512,-0.250295438764264,0.263450822042458,0.560761520702232,0.821031895204113
1513,-1.34182127656001,0.193265213701428,0.426201296100312,-0.704214703614593
1514,1.20253630385118,0.448551663937291,0.827363743835456,0.577614450424145
1515,0.854633130083975,0.123420885667707,-0.115862539186163,-0.652605232981699
1516,0.903418872739137,0.661877632298913,1.85519034353145,1.23404255607369
1517,-0.404092166294745,0.00566899134684959,-0.057381928234467,0.80286435367181
1518,0.840375293516959,0.496521474043323,0.40881508613883,0.252181778080014
1519,1.32479916356173,0.66577879989288,-0.685977410464864,-0.0857949268746905
1520,1.15581999405349,0.578783716600727,1.20284643624508,1.02866308131424
1521,0.837028557157183,0.489068459854974,0.833209075753402,0.431918255263564
1522,0.771821174015512,-0.359483303518666,-0.69228727660054,-0.0671732227860501
1523,1.26723611781541,0.512868473584234,0.450911316231227,0.572805449932688
1524,-0.72861879142152,-0.483256447328217,-1.87581566335803,-1.22989863933529
1525,0.423193513677804,-0.343507998339327,-0.292030590576639,-0.368583710528108
1526,-0.131181672450946,-0.723568997428771,-1.80057771454015,-0.51614155166502
1527,0.474013472298783,0.7146634342261,-0.0396823285933768,1.02225642598416
1530,1.28690316871087,0.850300160757375,0.945811915225232,0.415902360463398
1531,-1.06175572438844,0.230273023096631,-0.15294713570325,0.774315274828472
1534,-1.96114432771278,-1.22499999709833,-0.111151922019959,-0.939796697598202
1535,0.678845909819068,0.00024000735318818,0.290814264731506,-0.777733813041763
1537,1.18758072252909,1.27768290676759,-0.356983886692348,0.626737131449217
1538,1.67648727310997,1.04849792623282,1.05304922648167,1.22463595754097
1540,-0.158172929353297,1.22478911060809,0.868235167046038,0.681697669772856
1542,0.184370567699456,0.569105615852452,0.574043809320376,-0.320396826242941
1543,-0.685077640363048,-0.817778035625898,-0.183134346773061,-0.71974267621179
1544,0.998766968502091,0.94643223060771,0.499696793660553,1.23635953786966
1545,-0.354326451801044,0.149611531958912,-0.179010209228441,0.158272298513425
1546,0.0141033253384634,0.682637387677563,0.926486096773528,0.769966651377398
1549,0.802614507812444,-0.572504631612073,-1.03296721868079,-1.17518438840225
1550,-1.03191931114349,-0.130256811374797,-2.86538425847584,-0.27907232216944
1552,-0.244599049459684,-1.12626648214649,-2.48320530552506,-1.14170244967199
1553,0.50641114656138,-0.363447235847867,0.696977303083993,-0.201157784022842
1554,0.330239852363264,0.442356276427514,-0.763183135966198,-1.15559763093176
1555,0.262330629271666,0.194712968540776,0.651651484957333,0.133405642425309
1556,0.576555353615898,1.07817240667167,0.262303242949652,1.19371728396143
1557,-0.170389598010453,0.186250028812561,-0.0363063688727698,-0.64112484347428
1558,1.27352523813655,1.92203863016043,1.51695796210458,0.87965047393784
1559,0.662161984884906,-0.282919920716423,0.833616084559046,0.427896194838386
1560,0.922249541020626,2.1468505069892,0.406335153311798,1.21929490848594
1561,-1.30355693495656,-2.51931619568374,-0.207988571043244,-0.876703295584723
1562,-1.79105444228717,-0.0259382465457772,-0.687374076171436,-0.0110991752738749
1563,0.0916293985540703,1.00647036369602,1.41949480880357,1.51031602049272
1565,-0.784484941361128,-0.503679025993651,-0.103940893141346,-0.379826501950825
1566,0.386548332981515,-0.135435542226425,-0.159363504964449,-0.5077171524839
1567,1.07606007657254,2.52494313581505,0.385329132426078,0.545605597526043
1568,-0.693486255561412,-0.392987461810494,-0.21735153945334,-0.417707516022719
1569,-1.17054584232066,-0.551479630424098,0.839589220035992,1.03519173159255
1570,1.3713536868183,1.09966416078416,-0.497215548880278,0.430688876091954
1571,0.490739308027778,0.431434399568305,0.452528078417199,0.399723347411325
1572,1.59557412194511,1.49415831606345,0.839034749748714,1.30107546433476
1574,0.66264208112601,-0.49583781691662,-0.451750371801832,-1.6331183790616
1575,-1.11937754515528,-0.149520004532419,0.689545990647868,0.242199606651489
1576,1.37072427184892,0.0113685270781781,0.246268400061252,0.5107784090997
1577,0.64127654764281,0.0599306622382914,-0.89725685372653,0.167462941483553
1578,-0.829337753609949,0.453519898093587,0.0390054199050264,-0.352994836612891
1579,-0.975923903746942,0.748020858705091,-0.283405201852434,0.367125714421963
1580,-0.14910487345186,-0.666620150211572,-0.0440473831160268,-0.267646795578215
1581,0.435911935278861,-0.494977628738078,-1.03622227862391,-0.765324093741451
1582,-0.236929745960102,-0.34919147641985,-0.39540730180711,0.386830805977676
1583,-1.56166906265258,-2.06291588125248,-2.10174126203168,-1.90038824715513
1584,1.31985617372304,1.29690574412799,0.96802092435704,1.10788629948738
1587,0.504674613485491,-2.06838368360047,0.331760838341662,-2.47694261028777
1588,0.733862777961272,0.561369966188215,0.504903288001447,0.725848856959976
1589,0.513143632616614,0.583786646666559,0.146964623540755,0.566360742544962
1590,-1.17397450262236,-0.93531772763681,-1.56384570728414,-0.886022410580213
1592,-1.34394017178889,0.637347949363768,0.884483431212574,0.730593408690293
1593,0.303525611238656,0.542684414204421,0.334054782144729,0.578750362399081
1594,1.16678844182869,0.116349280728181,0.524654320034963,0.145153668655803
1595,0.888959703746394,0.839121787600186,0.0923126053810429,0.638084509308804
1596,-0.248110287278312,-0.984775930180573,0.167788153150852,-0.35572703713554
1598,-1.03772306957329,-1.39258276860398,-1.1433402374383,-1.4986271800453
1599,-0.222429648496507,-1.8415019859528,0.0108906516789838,-0.0517617506085315
1600,1.29641151802931,-0.331626756246333,0.967162576223091,1.08529626554103
1602,-0.476014752756752,0.737701716017614,-0.440976579158235,0.150489438365127
1604,0.436370918592817,0.36711429616936,0.554339286147296,-0.246325721717364
1605,0.459399224136617,-0.703795317201056,-0.0484614843351301,-1.00995415267625
1607,0.882194037774672,0.284376589890608,0.428851976692733,0.50248406040297
1608,0.913785852619821,-0.475575875869182,-1.04666281441479,-0.354948694872263
1609,1.27421584136994,-0.228071451554105,0.597350233102588,0.263025498561353
1610,1.22733657425846,0.0475115124384354,0.380531074714895,0.560739600385643
1611,-0.159698942615557,1.10383790397405,0.727685503720809,0.631880471356804
1612,0.501662641434525,-0.0418785214022461,-1.54145828537426,-0.406951067390593
1614,0.352465301800547,-0.250249516672828,-2.37995651270861,-1.43428315672144
1615,0.77593040225808,0.555180972244851,0.830959533382967,0.540932476105494
1616,1.04536334676868,0.902977657053673,0.949298807759399,0.549452803535555
1618,0.655096068863032,0.403360758919677,-0.172948472635818,-0.0334755322568683
1619,0.520229271460999,0.962154296538868,0.556843683755539,0.141399723768189
1621,-0.00127040873997298,0.731463386393525,-0.272170538578697,-0.568821650087561
1622,-0.56163713093693,-0.129329873206936,-0.348824913933945,0.549541659284655
1623,0.572656599921032,0.995827696216207,-0.0996016491209267,0.454560926068345
1624,1.20690678238041,0.947717701125174,1.12638316585443,1.25286883714389
1625,0.789389760457003,0.680519793064745,0.187478705899668,0.726498070992061
1626,1.34804034122943,0.984708320600797,1.32069470221517,1.55947719312368
1627,0.832036854949885,0.00537244690848655,0.779096026001127,0.941813667927637
1629,0.338080484474219,0.299162023213472,-0.637002678060717,0.391846109386642
1631,0.432577978130821,0.0208612597188141,0.675045808000878,0.407528953218489
1632,0.230630234862945,0.612024162175095,0.938659178927512,0.853596507660422
1633,0.491752376028971,0.374219338412053,0.616043865771284,0.438457682903782
1634,1.07862783609413,0.606970960269544,-0.351971811726609,-0.138119889209993
1636,-0.40535909969547,-0.397699216494779,-0.952201526149744,0.104316004386394
1637,0.614678890696578,0.626819839511184,0.333289789385211,0.798300899483244
1638,-2.46168939736197,-2.29251961850455,-0.766724793496311,-0.0172716394723447
1641,-0.0212939807094495,0.51067669135651,1.58079590204712,1.36662645264871
1642,0.282275308874401,-0.0268904547292629,-0.515546645962782,-0.708503666989657
1643,-1.74267891483527,-0.128519223622156,0.355799974146738,0.0578671684923147
1644,-1.21356929415101,-0.788138048276172,-1.2610395824847,-1.67723475915839
1646,1.62939310066642,0.96515069704741,0.599133287077627,0.719452665597093
1647,0.0311114187021418,0.387968675103873,0.667991506592731,0.09451801145616
1649,0.410248640997306,-0.488076096552328,-0.14321417009641,-0.172251918392976
1650,-0.408398595769446,-0.195675214101719,0.23778366238191,-1.79121007339517
1651,0.383131046294879,-0.0169223447466265,-1.28934279096715,-0.214814029243382
1654,0.863507309831435,0.55813908969166,0.766200816465228,0.0443754262087437
1655,0.982581739092671,0.474998787982422,1.15461159358382,1.02994226417217
1656,0.528043841285136,1.05546417144996,0.815021749898027,1.03855790969043
1657,-0.348869634058673,-0.818752561228562,0.84973054935691,0.44261009267879
1658,0.740915551939985,0.75602054446298,0.889940104778243,1.03837691154852
1660,0.826228685286637,0.185773276178786,1.10752375026293,0.207475969156626
1661,-1.49276402568707,-0.149526615444931,0.154227048869603,-0.487043770902942
1662,-1.60368480125117,0.211680498796818,-2.75151422542197,-0.589997414015141
1663,1.09394020898807,1.62497376453644,0.287814532864829,0.77589808764944
1665,-1.37784787751297,-0.968580583056411,0.57811542525435,0.00135479404623923
1666,-2.19734901281092,-0.567923840923299,-1.45228085530007,-1.30134848116716
1667,-0.471600758066727,-0.147718982391225,-0.783411917577782,-2.47111230739883
1668,-1.17501605584429,0.565690676599022,-0.0460379240942772,0.184511505798867
1669,-0.17857793583152,0.534698461631455,1.39089167609594,0.864750159209628
1670,-0.372446219736382,0.457063223132204,0.927516782853298,1.07231064856383
1671,-2.29386652506324,0.3622486597903,0.203445478951859,-0.798535611300181
1672,0.94117236949876,1.75738138302213,1.66508866242372,1.62831633124005
1673,1.36452273053851,0.790264663065224,0.566171154554739,0.74536880688734
1674,-1.30659110874332,-0.910356133309303,-0.36556089247197,-0.338321937252618
1676,-0.354800721063482,-0.046627234314587,-1.73137776055087,-0.58406341320339
1677,-0.289134864987261,0.0751392650838354,0.158331792088357,0.269405329318518
1678,-0.526022695713714,0.423496608028622,0.153499141405774,0.301474478928254
1681,-1.61331992461208,-0.185124139468206,1.13882623034442,0.885978757576177
1682,0.65661890577312,0.24368413679197,0.195087645931399,-1.64433984134781
1683,0.332977363911049,0.665501795695943,0.756879274433066,1.59490938515611
1684,-2.62474933721261,-0.836387635418691,0.168607251823503,0.110157798115232
1687,-1.22552273986557,0.501667151675475,0.339190368755292,0.712683856652829
1688,-0.286331004348219,0.147679080147085,0.724528895950727,0.933866116345087
1689,1.41662398558615,-1.01570767320993,0.195041393377328,-0.837635046845114
1691,-0.425755548343508,-0.66606031463651,0.540052833310636,0.360061361602606
1692,-0.421790800690028,0.283498904103235,0.424630685902554,0.94948825383167
1693,0.464097272109583,0.866495896140596,-0.541824255505316,0.587974583418545
1694,0.534265478452379,1.11810813385654,0.398630376594063,0.299122924401131
1695,1.06663278188896,0.225228241059708,-0.0775285915881997,0.610004621347443
1696,-1.0992133686284,-0.315598746118042,-0.78840141226202,-0.34139000608004
1697,0.416757908640426,-0.482443288513832,-0.323113059756797,-1.975227937218
1698,-2.06941428768258,-0.337433307979745,0.28961693060084,-0.361748417703938
1699,0.784078375731088,1.03613792828845,0.794423199446052,0.233938892485241
1700,0.570051994362732,0.259770840753025,0.71555862982652,1.00419808950791
1701,0.383825467631842,-1.00839855627543,-0.210930833973502,-0.121799272712181
1702,-0.713834251743093,-0.0472341574556412,0.50542495935289,0.628617554729129
1703,0.423680071133929,-0.115938186201918,0.406124225583238,0.348449270301045
1704,-1.32119367205539,-0.860003802446795,-0.785751143037075,-0.86200942013984
1705,1.26584943069571,1.26820482895307,0.942713186072679,0.620880672156433
1706,1.41523203112375,-0.244317220804161,-0.248957606004081,-0.036017945331439
1707,0.505557654016231,-0.625772395932742,-1.15990829887342,-0.0435013064682117
1708,0.911767737288944,0.613083845065032,-0.315169164005419,0.3426165603267
1709,0.209719471026226,0.171699445991634,1.07288923658787,0.416552222766047
1710,1.64060210441466,1.44280492104333,1.08470940108422,0.979362412737146
1711,-1.17389567705416,0.450450784659925,0.892586949368483,0.836695955769057
1712,-2.44197524977658,-0.575750906715622,-1.9768142046839,-2.12208382087329
1713,0.329505834969119,0.574361037051288,-0.282680941112829,0.250641364246845
1714,-0.75791005222587,-0.101036872815588,1.03789272658235,0.935058397955207
1715,0.542586309388458,0.438265472906453,0.970113982211074,0.803198909760743
1716,1.02708602054757,0.327102096768505,0.325646009461383,-0.213636395809074
1717,0.694989483958129,0.0307869281558784,0.211539131737707,0.223725196573301
1718,0.842169987242727,2.02829840088809,1.50033613187773,1.48980441748923
1719,0.401403233970613,-0.21167282865892,0.838678523249598,-0.292219481542936
1721,1.09992231386221,0.617100940217153,0.185145099674198,0.477211232788674
1722,-1.21198871081874,0.0689729504410669,0.366015396067011,0.892906916797635
1723,1.37439626794358,0.754737262556665,0.552331061875068,0.135065302299002
1724,0.629982452380694,-0.246990766322052,-0.614073570889077,0.231537690435315
1725,-1.93676150962001,-2.30697220552475,-0.152169470949443,-0.555211809897774
1727,-0.629267283345426,-0.46298450521071,0.128762157876361,-0.964879378594095
1728,-0.205875235184435,1.52989055918767,0.316183261742075,0.203216403458924
1729,0.188143773148958,0.450340298753131,0.472556257475539,-0.0560587328158321
1730,-0.312380362972453,-0.93821792274639,-1.2425282401076,0.0105288094343145
1731,-1.53784563347555,1.00735336667767,-0.337507084933862,0.676514701797998
1732,-0.654038288530268,-0.654452802299837,0.189604719119766,-0.243139158423284
1734,1.37431021435341,0.85261669639565,0.745130097914876,0.659022569636988
1735,0.769508463729562,0.756374739682239,0.219045395238768,0.681109193857602
1736,1.53723065403978,-0.53785580387071,-0.578512047461132,-0.179492278849123
1737,1.25263662283468,0.478637052540278,0.536004454894196,0.215801962390826
1738,0.474140536838865,-0.0317420387579538,0.326666763083658,0.303596132761254
1739,1.26564007817946,1.56457614016404,-0.652000434308063,1.10081880335996
1740,1.20009262582355,0.10376147433695,-0.0115293887158992,-0.0399905150666307
1741,1.53683984521038,0.0247719222614382,1.72692514245237,1.30694014780019
1742,0.488398226604949,1.47490498170419,0.755104142977521,1.20411261095432
1744,-0.60461758822668,-0.124485718299449,0.103184652767386,-0.670285311403833
1745,0.780157107387491,1.29782974859347,0.447839710201692,0.461819937831178
1746,-0.288624857276227,-0.878847794192772,0.0427545947886733,0.152789091711161
1747,-0.99961274655946,0.875046936610213,-0.884772217180213,0.284291300659022
1748,1.112397973645,0.342167818977929,0.452091266086952,0.654865352840114
1749,0.216815374972664,0.417103372571511,-0.754365981065587,-0.687468885834272
1750,0.758618925098866,0.140424114954094,-0.11245602925224,-0.274612139693274
1751,-2.86590360343722,-1.40066956173463,-1.42267422867762,-1.29360298792759
1752,0.597626788774909,0.278336900639021,0.941043610565358,0.367751183667738
1754,0.560003172503304,-0.0586110221306765,-0.283448380806747,-0.258893651144057
1755,-0.655824907944592,0.463783188239038,-1.26586112853199,-0.420275661186635
1756,0.499557660949861,-0.390933864776384,-0.412228990137219,-0.75779643933187
1757,-0.951583434980464,0.81087575687452,1.07795488133786,0.847894746411517
1758,-0.0434545263188329,0.320481974872601,1.12741177676236,1.05989794218102
1759,-1.18672038808929,-1.69574384142681,-1.37637948028249,-0.717467797168311
1760,-0.258305300968095,0.132109432555043,-0.214243620695094,-0.784907013635064
1761,0.110668514295544,-0.406796982438547,-2.61673397528119,-0.841424384738655
1762,0.894027520784332,1.7742125330167,1.07954137785166,1.50555909586977
1763,0.0163730242351832,-1.79271020751782,-0.525625524724228,-1.23855652427543
1764,-0.405007786275239,-0.27138104019597,0.929837351973439,0.154224301784186
1765,-1.32860450556041,0.0520471487987252,0.0416634477384909,-0.110764207888967
1766,-0.398248467995994,0.51510532719679,0.330284371043538,0.45456240648378
1767,0.561276627830716,0.852055681320729,0.942884731237824,0.929408247812102
1768,-0.397654858093958,-0.457272235184983,-0.596385536283367,-0.0336155924531125
1769,-0.490079581385039,-0.0307468360352117,0.084631122624016,0.828981195288668
1770,0.497742966878926,-0.952613072589153,-0.343272305353537,0.410889559417788
1771,0.110099500045574,-0.203506019922556,0.717751508826203,0.571085992772554
1772,-0.548160979723055,0.803992636828767,1.38718332888573,1.27487651070908
1773,0.133877177289868,0.854975118546662,1.22882735816616,1.10437580922511
1774,1.00912754447393,1.37892124352478,0.57142501513144,0.608911683776691
1775,0.215934889438476,-0.174819694401907,0.430282638985442,0.0288060155166037
1776,0.322250346129873,0.715589449040075,0.638262089813138,0.764373365511166
1777,0.693781592516183,0.753788381432651,0.874769985134803,0.723472542241212
1778,-1.37212904552503,-1.54593151522127,-2.37880202032843,-3.20603487309614
1780,0.603643398268022,1.43809057570738,1.08765256376756,1.63410299298797
1783,0.796997367115132,1.41595738122451,0.912197648651529,1.1488382011716
1784,-0.0361905064328977,-0.310431863859427,0.289812052824086,0.853268674977001
1785,0.845038981565035,-1.06563686938176,0.345733283475795,-0.166529469241244
1786,-0.187556212937104,0.0557743969844376,-0.734633925199727,0.216454494628445
1787,0.239886410794534,-0.822007120243097,-0.195792721033214,-1.76398069164663
1788,-0.699591540303043,-0.10667989915215,-0.416928324187069,-1.32796478164627
1789,0.00877525690377685,0.562168306121396,1.13745576074274,1.40037642527125
1790,0.521801871253867,-0.17865071317736,-0.806144159578454,-0.592228219038746
1791,-0.146537217205491,0.513391094753414,1.14094179634286,0.521262329527845
1792,-2.00737740832157,-0.885875262470856,-1.22579759099628,-2.48967430459096
1793,1.21186684383056,-0.663323904686801,-2.01524282278339,-1.67322872785693
1794,1.22667082847401,1.65105440582476,1.12285283261052,1.42485930022828
1795,0.408647045705147,-0.681422694692045,-0.0289677439151544,0.0573931047013926
1796,1.46971324357344,0.353530465316763,0.597479779160712,-0.0943300507030562
1799,NA,NA,NA,NA
1800,0.60377829157213,0.681359947188006,0.869548112191504,0.795123038951317
1801,0.520397898297827,-0.369966168133803,-0.921413256296069,-1.44256803483641
1802,0.22267485895544,0.481601623513552,0.263630688801609,-0.0806929872631856
1803,1.46342523106847,-0.308352513959889,-1.52737359480703,-0.67096686489253
1805,1.44135481149105,1.0553069607369,0.532144511642786,1.05962063496086
1806,0.0754115460747058,-0.185051874332207,0.91106051635991,-0.155060459803742
1807,1.05731266146162,0.606929277134202,0.992946566760567,0.913870677235584
1808,-0.142955089235337,-0.310906646577554,0.812547924975277,0.210237564470505
1809,0.53899142972395,0.00403072220256148,-0.921441083184083,-0.671004765399286
1810,0.694660521514483,0.893942307459449,0.282882318444469,0.562946161104518
1811,-0.432910580683817,0.108065164226732,0.936522550964133,1.05374748178023
1812,-0.531999742998932,-0.385314173469949,-1.60761223741927,1.02308722826329
1813,0.584733339269967,0.575535777384649,-0.435334466174325,0.0553573188246357
1814,0.106962796271572,-0.0297591932349984,-0.0438117160501597,-0.565963680686537
1815,0.530585067594808,0.679376135499988,0.849594470086168,0.85399606554934
1816,1.15649818358192,0.410469357793469,0.83652943476412,0.261761646766951
1817,-1.18093290322326,-1.86858384748362,-1.1166318246438,-2.11894949148873
1819,1.06515610948004,1.04753200257913,0.364496220699835,1.10052245493071
1820,0.217497675413538,-0.454917204953188,-0.0925812446684948,-0.254225567551926
1821,0.828767471870901,-0.49135716183221,-1.12537804833224,-0.158445012970555
1822,0.265614864252822,0.182094046846358,0.867632949066002,0.705526070225097
1823,0.602529659926091,1.21046656606136,-0.403604991493638,0.0714848790895116
1824,0.644519053651959,0.0315593255209627,0.551188584221574,-0.179769509862738
1825,1.0054268221375,0.975286278041559,-0.838920830565534,0.547315571240111
1826,0.434399323296633,0.374530653903277,-0.853019203409693,-0.113565971386092
1828,0.806875643568006,0.549183994293421,0.73240437081845,0.124051093615156
1829,-1.84053598042952,-1.3454734182479,-0.702767372830857,-1.32130625987539
1830,-1.58752589235909,-0.535676871451163,-0.609457534410885,-0.400082276272982
1831,-0.145414732630578,1.47503191148222,1.18259131569776,1.46550203294273
1832,0.647207485144154,1.20468310427952,-0.0462474640855042,0.979571747426459
1833,1.02991679846353,0.70041431898034,-0.494398933874642,0.555647325965152
1835,-0.0523175106809555,-0.774141010860932,0.788601034522083,-0.218791685842176
1836,-1.43093536541881,0.151253882685125,-0.383089199624294,0.0279920544921117
1837,0.0856864731463368,1.7972247702766,0.287743474618206,1.15999617249823
1838,0.829438903840902,0.220993841610082,0.507445959765997,0.857058545194229
1839,-1.19839799306999,-0.137777743684905,-0.64652185895015,0.264587565468871
1840,-0.826549403449253,-1.09617131800805,-0.458173205705946,0.0770290659553152
1841,0.0888613765160124,-0.435239386601299,0.721984480843675,0.489229486042206
1842,1.21111849269028,0.700182639493738,0.0736784341160892,-1.79780566411918
1843,0.864542593696133,0.312607933353893,0.762123556560607,0.147479826337446
1844,-1.86788894115219,-0.0472172041906229,-1.03368821706837,0.717521423828922
1845,-0.299648109946288,1.87419476110734,1.35021253293722,0.849910014909385
1847,-0.630996730865794,0.0968981145083034,-2.72371395549457,-1.00771246700471
1850,-1.29400933751272,0.211897363514329,-0.741730092016491,-0.406509261301516
1851,0.561505779791775,-0.756649519667554,-0.218919741674993,-1.02096711979825
1852,-0.56374012099966,0.109687535190562,1.27399511649358,1.04762128067582
1853,-0.58094450043983,-0.248579563396501,0.177475568458455,0.104808905333789
1854,-0.0641018598389041,0.128248525333475,1.32419318195874,0.65947137044115
1855,-2.2299920178302,-0.370616764173132,0.573942748597039,0.0592016677931308
1856,0.759256573381432,1.49432618173804,1.31732385899234,1.17187563987046
1857,0.601950776564174,-0.105450279709458,0.558806258193627,0.226120121306822
1858,-0.600754873822837,-1.36877564695113,-1.29397108515508,-2.37165029456823
1859,1.30060095605322,1.53229428090996,1.12635807742359,0.879284345365905
1860,1.58978154753304,1.23038941420259,0.958476522957212,1.31230927748519
1861,0.573234798504286,0.736161068781785,0.434494198847124,0.291722119438932
1862,-1.52925160971633,0.238371619842842,0.378754185018259,0.243031010996879
1863,0.394108131188359,1.00836881706896,0.540243150210159,0.481457833816746
1864,-0.258755492239487,0.69822965639683,0.672364471631009,0.442361043233386
1865,0.0493068849493218,-0.584918765773222,-1.55880944023176,-0.660271582047232
1866,-0.18995858776405,0.87695208094792,0.772262306604596,0.436800022377972
1868,0.825733806410067,0.0182273221213229,0.968428377035262,0.439192949580139
1869,0.797854605891926,-0.100833084660785,0.761404128078596,0.218652899348868
1870,0.113047696019131,-0.0714077007668526,0.401666718380751,-0.0611398499891639
1871,0.822113770004872,0.310875543595916,1.08008878679825,0.60569326194591
1874,-1.69121561028912,-0.0500948004929706,0.634462185598197,0.160195751716024
1875,0.088612589905952,0.623879427957552,0.0945500424440513,0.640010559453955
1878,0.561933156490518,0.576282749339525,0.0660639440330836,1.01976301243709
1879,-1.35844293917894,1.04842166785108,-0.339345089712047,0.506649399793881
1880,-0.827353689293548,-0.27652230965973,1.07308251838458,0.55613915096961
1881,-0.464323714999884,0.142239007418355,0.879363797565365,1.14224115058713
1882,-0.427063147111572,0.618825167479283,1.0046810723727,0.582189110822437
1883,0.199130335649131,-0.0294685400810007,0.287112508683035,-0.171060582527783
1884,-0.126971029682953,1.5164559006113,0.879195876530704,1.1696605966847
1887,0.734980024106082,0.933162885703298,0.854303505218565,0.890158071302474
1888,1.20647986873472,0.77246475956618,0.195589342899767,0.209886490335165
1889,0.645733698987766,-0.157802097130118,0.348182161627519,-0.477611025954633
1890,0.0231239267822963,1.11564361999136,1.2061382298604,1.12069772306363
1891,-0.903508056586439,-0.190724918142708,0.519432035007956,-0.495410821267556
1892,1.50633676337952,0.888940541525711,0.914198203218658,0.916898497254188
1893,0.214109029083929,1.40586724449991,-0.210124414882388,0.760491468404242
1894,-0.082454592066823,0.412262052766495,0.0510761342739952,0.407018044490074
1895,0.834922254848804,0.2056589722599,1.14854529778708,0.583986975340375
1896,-0.474911804184813,-0.307650899725371,0.74427335774796,0.191698407395875
1897,0.829213988188556,-0.586620653292968,-2.85309765851313,-1.55675896016915
1898,-0.0240499136443511,0.259444571530372,0.110615397559105,-0.118828051027752
1899,-0.73822295948239,-0.881052563609957,-0.116945738652147,-0.360705446265967
1900,-0.365760109165218,0.776985041694728,0.377175024479141,0.614525679700487
1901,1.31071876863496,1.30685332382148,-0.567266724741217,0.440797576550598
1902,-0.317100780010383,-0.441585979988696,0.394958101830384,0.662291844478985
1903,1.23646374780905,-0.655754762316056,-1.07969767727552,-0.892148627031443
1904,0.279181402233382,1.13314067533761,0.278674908590595,1.40472288063157
1905,1.13377860124698,0.403074895861144,0.776986512216571,0.768790107261087
1906,1.13857791828786,1.37182866395691,0.215197867527679,0.644244392973777
1907,0.714846423216894,0.514308109252213,1.02615620645379,0.923624611520422
1908,-1.37461377474758,0.848072304139266,0.153974803779808,0.614042874894967
1909,1.2962864321473,1.28696500164575,0.425819861895294,0.827477176757272
1910,0.752867990228718,0.989151834757354,-0.100547487754285,0.495653536260609
1911,0.947878186663901,0.484070937921031,0.385398072430329,-0.828442128231824
1912,-0.718427353244503,0.337499858478132,-0.278199894079561,-0.802333129526255
1913,1.1329208380717,1.63436679151476,1.7510575008631,1.36668458876674
1914,-1.59421665576706,-0.793194496980657,-1.89836466485025,-0.645955041570438
1915,1.20029846921662,-1.1253622383155,1.22969236894073,0.998869095751816
1916,0.117604175416187,0.956680698924938,-1.89676504540637,0.166307165764785
1917,-0.879703777223379,-1.85347565781129,0.462524480731823,-1.07189966643947
1919,1.03133298926755,0.414544806775236,-0.305097131494374,0.645383339745643
1920,-0.341942837695666,-0.34545350659126,0.560229543227488,0.174590707526519
1921,-0.382195397347726,-0.528504388727036,-1.06311666418059,-0.380464802704496
1922,0.0896627068080825,-0.0955391623912541,-0.978541143385122,-0.607457312598361
1923,-0.641923406519905,0.296216367532407,-0.204243754941964,-0.454059570098896
1924,1.21228404870859,1.1340117076011,1.11513250387756,0.841439907031274
1925,0.00733911945031768,0.148646826091686,-0.613754155766816,0.445592918766506
1926,0.573580982490794,0.70963660719717,0.974036743296188,1.1365432690071
1927,-0.0834367678677149,1.10634566455903,1.21187329814514,1.75683469491694
1928,0.648010633247438,0.43740715724669,1.08160937864962,0.791138410141422
1929,1.08707979620351,2.1296323052079,-0.194161587665336,0.775504860660874
1930,0.566850109843991,0.43884040114723,1.31262143149104,1.09933065345733
1931,-0.561123017445526,-0.516991744203784,0.580184184503911,-0.172652532193514
1932,1.37427698253458,2.0996585453941,1.39173569720665,1.11012222555003
1933,-0.637253828283706,0.338747493068354,0.0897742032552366,0.556790872111149
1934,-1.18552511487402,0.216780571727574,0.010820805809265,-0.14984877813634
1935,0.807690573211514,1.24585754519509,0.524943261600763,0.94480499725507
1937,0.430116304918002,-0.405599864580888,0.331925124796438,-0.261142532978045
1939,0.97168121631436,1.03933096699096,0.838114271089739,0.773792113600409
1940,0.0781034143145052,0.37009814744533,-2.24605530000749,-1.2097010267737
1941,0.398716452577548,0.513045672431938,-0.624796621913381,0.662490047535888
1942,0.000179921113343576,-0.0276462331696706,-0.547556466759873,0.34393567587108
1943,-0.199615538729148,-1.41926366143698,-0.536545432456081,-2.06179927942577
1944,0.749499156471874,0.298221580002077,0.450373316127483,0.379225088923851
1945,1.72560522299027,2.21846132601462,0.223651557545144,1.19415646872134
1946,0.00908974856832129,0.886102852725348,0.262960894180419,0.471331418056861
1947,0.395671698179618,1.15443576744054,0.357867313117765,1.03228376042587
1949,-0.497959038100961,-0.0182871008935502,0.176975720525028,0.209388230124359
1950,-0.136847782450331,0.448386250466393,0.780078624739318,0.692061296733632
1951,1.52027533695639,1.31169465811011,1.33714838411293,1.26838968482018
