,wave2,wave2,wave2,wave2,wave2,wave2,wave2,wave2,wave2,wave2,wave2,wave2,wave2,wave2,wave2,wave2,wave2,wave2,wave2,wave2,wave3,wave3,wave3,wave3,wave3,wave3,wave3,wave3,wave3,wave3,wave3,wave3,wave3,wave3,wave3,wave3,wave3,wave3,wave3,wave3
,language,language,language,language,language,memory,memory,memory,memory,memory,executive_function,executive_function,executive_function,executive_function,executive_function,speed,speed,speed,speed,speed,language,language,language,language,language,memory,memory,memory,memory,memory,executive_function,executive_function,executive_function,executive_function,executive_function,speed,speed,speed,speed,speed
,target,cookieTheft,wave,picnicScene,journaling,target,cookieTheft,wave,picnicScene,journaling,target,cookieTheft,wave,picnicScene,journaling,target,cookieTheft,wave,picnicScene,journaling,target,cookieTheft,wave,picnicScene,journaling,target,cookieTheft,wave,picnicScene,journaling,target,cookieTheft,wave,picnicScene,journaling,target,cookieTheft,wave,picnicScene,journaling
sample_name_longitudinal,,,,,,,,,,,,,,,,,,,,,,,,,,,,,,,,,,,,,,,,
0058189c15,0.0067787717861515,0.139849514163266,wave2,0.2172727832272851,0.4924472999494065,-0.4428671183991715,0.3439182494029742,wave2,0.3472729376039667,0.3649651475718483,0.8921092668198064,-0.1623828085207895,wave2,0.0858399633289991,0.2696051584861428,-0.062478300226268,-0.0958694673654695,wave2,0.1073271197561344,0.1497052289696848,0.1700841845372664,0.2322947139393139,wave3,0.1898352761057293,0.3863633895596337,-0.5088782283307307,0.3671988697291031,wave3,0.3855034848400964,0.3497421749943559,1.2692105593197611,-0.1791146591677377,wave3,-0.0830986527885356,0.0375560490938068,0.9574644324935748,-0.0447966577944339,wave3,-0.066868356709446,0.0598155829856822
022d83ae48,0.3577269673509832,-0.4510882982823352,wave2,-0.3424020446346842,-0.7841958220242291,0.3705212385554736,-0.0737642833650036,wave2,0.0820835665424231,-0.0033295952504048,0.4354029964743033,-0.3874130961520555,wave2,-0.1369449455727451,-0.4801127592262668,-0.6935780269041092,-0.4275874583860833,wave2,-0.1351532584352447,-0.283071423223897,1.6810844520668702,-0.165669303204055,wave3,-0.0598891172572333,-0.0154278435146362,0.234654013719437,0.3366171183383168,wave3,0.2597202871506257,0.1923905547233002,0.8450262901797175,-0.222046137546112,wave3,-0.04352701508897,-0.1109833409780958,-0.2287866002733123,-0.1328438993707662,wave3,-0.0201575462331177,-0.238884379806101
03d72dddc0,-0.4107542567963226,0.2163964503580606,wave2,0.1620164222077642,0.2693617207519292,0.4638013491976641,0.3569197054781479,wave2,0.1620271872750676,0.3915646088769389,-0.4095547924841183,-0.0734173762389082,wave2,-0.0890911287028178,0.069100992002581,-0.3179672673032007,0.0631873142647377,wave2,0.0434057714243384,0.0892553622540227,0.3102342963598988,0.3896446339950712,wave3,0.2634043673422415,0.3457695519783241,-0.0263576402657948,0.3046558924410862,wave3,0.1220796255576392,0.2699160092240018,-0.1320367568882343,0.1705309097209063,wave3,0.0848486058544771,0.1213836904358579,0.1204396964512379,0.3257292414449816,wave3,0.2527964835775668,0.2070757326511468
0504985b92,0.0904529791585502,0.0021866382760338,wave2,-0.0881138563613772,0.125994594503362,-1.0651184465580186,-0.1942258617968204,wave2,-0.1447150454849941,-0.1564919668513291,-0.3749258093768309,-0.1820902825884384,wave2,-0.2245009859509691,0.1222684525560112,0.3353303680863823,0.0881402903225069,wave2,-0.1516048956037387,0.1625120651760941,-0.2280618570251162,0.1664489392924242,wave3,-0.1888396132706509,0.5548550837564008,-0.9902048167373134,-0.0987537979996182,wave3,-0.4102738517015036,-0.0937214754222446,-0.5504797697323839,-0.0201593645621118,wave3,-0.3581391111282277,0.3173331146599251,0.5655653553112158,0.0354258760106723,wave3,-0.2660473411270253,0.0967636371204999
06fe3daa84,0.7957826216834545,0.8585662179476441,wave2,0.8185730592521359,0.530304446552551,0.364928444417994,1.119535379930579,wave2,0.7024894671019974,0.4796753696461886,1.772196555655356,0.5253500816407347,wave2,0.7533309936886105,0.452098860660702,0.8241014549013624,0.5000576459992446,wave2,0.5830558916248297,0.4095484993690349,1.3229275399778997,1.0335911095881816,wave3,0.9371782960640695,0.6546472730091257,-0.0914430024539576,0.904456872467005,wave3,0.8780888007773235,0.5901174673173171,1.9521211826607217,0.8397116582925767,wave3,0.7322591090586411,0.4212886149495606,1.3195057413952769,0.6188179899960383,wave3,0.5457345153986232,0.2561697329481335
10a3893d81,0.5036525910521575,0.7980778409282037,wave2,0.7201113823478726,0.654687022468464,0.214055770837367,0.8120215889482387,wave2,0.7659935486034288,0.6956348112485005,-0.0454427024272654,0.7606997678167334,wave2,0.7103355450643706,0.6266297122212058,0.0063243943642669,0.8256628202095552,wave2,0.774850242222957,0.9149755787484642,1.0595692690589444,0.6538204078203811,wave3,0.973979393622006,0.7622851017379779,0.009961961877007,0.544271931071183,wave3,0.6333459470252847,0.7531159185900527,0.5237237447008725,0.5349413983797177,wave3,0.8806555186626285,0.5390411007588932,0.2863157478298889,0.4863443352619873,wave3,0.6516504365744956,0.6630315370254011
1b5c8a016b,0.5848101142373119,0.5517174748709035,wave2,0.4677017512507366,0.6954969011765524,0.9173462295124892,0.4618411654523777,wave2,0.2801574470003531,0.3911751702180348,0.4799294877983538,0.3751466020271105,wave2,0.3957147344182398,0.5134163312128098,0.9072104822525712,0.2201102898769139,wave2,0.1483709174323663,0.2150985905284387,0.2459194508206581,0.4783911921920354,wave3,0.231350382975275,0.2432811743700105,0.9150378154634304,0.397606115429777,wave3,0.1680940775688855,0.2670939889921881,0.6489018848832607,0.4642316424057856,wave3,0.2115567931508838,0.2714514486549676,1.250553269060554,0.1117522617974028,wave3,-0.050712710484536,0.1605177132177976
1d3b70c374,1.0167577240535637,0.5724736495658655,wave2,0.8688692925452335,0.5298237821343386,1.4103888803675575,0.2981642768825261,wave2,0.8856608043878871,0.9233466373718784,0.4621332958235887,0.6567311607136538,wave2,0.6553997679395874,0.3605727752384698,1.0298141351327057,0.408454198348941,wave2,0.4968431789568813,0.3122387284195705,1.062962473176017,0.7386592851039584,wave3,0.5534265514853205,0.8031814524451266,1.650878382161051,0.9585417998242258,wave3,0.7465127539212841,0.9935327208582678,1.018819234398321,0.4122685459889531,wave3,0.2934520662368948,0.5266739746808592,0.9953926534783624,0.4727566401902362,wave3,0.2660091155681975,0.4227134581549444
1fe69335d9,0.0898487753849755,0.4441204806429395,wave2,0.4213029176727665,0.0936936089082953,-0.3168790072318385,0.8331240023746722,wave2,0.5497493288078004,0.2730064945051951,0.2993519262830992,0.0679215587806109,wave2,-0.0827757384456967,-0.074624316889716,0.1723940192640254,0.1521269513728852,wave2,-0.1265403831920425,-0.1136825517681489,0.4050618193159535,0.6050901592034474,wave3,0.7349671698066444,0.1405996157079569,-0.6984019740065808,0.6816265455796242,wave3,0.6445960781676185,0.2101836465863384,0.6186827132371145,0.3156371730521997,wave3,0.2224112101581435,-0.0007110316701762,0.0977474929151259,0.2602078914388287,wave3,-0.1036234275455864,-0.3250095641828793
247ff8380b,0.5875786276263294,0.8481081000092163,wave2,0.8382771029623526,0.815088699983062,1.1978469348394416,0.4248690620384652,wave2,0.3895212733985178,0.5523264162156014,0.6078715217795233,0.4954028825453848,wave2,0.678061439263239,0.4079973614279771,0.2528267353669776,0.0501074798744299,wave2,0.2369887286209605,0.0322500478985404,1.1158419292709885,0.7192657444900807,wave3,1.032716438577879,0.6582953813581707,0.8055055566689595,0.3246651448779984,wave3,0.4369717707080731,0.4256219684641262,0.9891063922710884,0.5493177395344525,wave3,0.6820206882027188,0.4912984050461449,0.930178412013333,0.1619304103214295,wave3,0.1637101604014014,0.0291666009537386
24ee256433,0.8746570708813574,0.937614689222436,wave2,0.8692223550958413,0.6490103739905737,-0.0013923117169524,0.7232546801771678,wave2,0.9412187549785922,0.9478566519342227,-0.6320508101898854,0.6350587524090384,wave2,0.604792308630547,0.2549430887594067,-0.2963433461591317,0.4488562076022518,wave2,0.333421535764672,0.2084104997605472,1.253664150672642,0.9004684305716082,wave3,1.0444137505285016,1.228125205333927,-1.4887933005488256,0.7741603970344095,wave3,0.943448263379492,0.917472284953332,0.5629676078128318,0.5924988680191202,wave3,0.7902790533341063,0.8113367457365047,-0.3694840004105057,0.450184144565262,wave3,0.5319157950543024,0.7058023472013891
291569f939,-3.0125058414820067,0.1542091902576774,wave2,0.008348592506687,-0.2923085087015713,-1.4286406706344896,0.0425101596755492,wave2,-0.2761464188755189,-0.2170022469442329,-0.974156008627957,-0.1095150916893041,wave2,-0.1723686900475201,-0.3946707740645077,-0.2264610616111536,0.1723947939916502,wave2,-0.1487148241643839,-0.3632114971462915,-0.4130806241588795,-0.4968060508011889,wave3,-0.4522487568686535,-0.6104158976947818,-0.3747542066357661,-0.1723169917604816,wave3,-0.3824208252248473,-0.3102754666096068,0.1939978869066871,-0.5355077813826786,wave3,-0.5722984785488366,-0.6095309874549273,0.6099862914046903,-0.2311026910162003,wave3,-0.4138565655052925,-0.6577202643842913
2dd424b82d,0.2494804853907596,0.7751936596669831,wave2,0.8323133238164582,0.3561800231112992,0.6605817941264472,0.179150125396323,wave2,0.4090321123225098,0.2723166445324936,0.4337677596111632,0.8503397895711374,wave2,1.0417326642861355,0.3036649799839711,1.1099989331035298,0.5564536093466902,wave2,0.6168896298412311,0.2927495176083389,0.5230354246796213,0.3918477480269438,wave3,0.6841480903567656,0.2300323836270563,0.7101909558647326,0.051809901367946,wave3,0.3576056824276898,0.1110919394080309,0.8790798891449558,0.5482294212764819,wave3,0.6996592039394541,0.2766183373870102,1.1776724408892985,0.2390269907437056,wave3,0.3774257320214901,-0.0506587458572506
2fb2bf2c98,1.786659674935504,0.7118246918073581,wave2,0.4681146731798482,0.2022731255825407,1.7486785751315588,0.617628628595829,wave2,0.678875229618896,0.6923523509290317,1.445700600925404,0.226222370749212,wave2,-0.0029101467524271,-0.1682754013276749,0.9135535630812988,0.0107118157363469,wave2,-0.0631326031360149,-0.147531193196421,2.652754630471134,0.8891062403415262,wave3,0.6030883340786946,0.7359760567781475,1.8911869032443536,0.6401441704804602,wave3,0.6122184619609903,0.8849583301573962,1.3268966879735176,0.369823187280016,wave3,0.1469485524452444,0.3241370688644965,0.2435151551771139,0.2125852172152494,wave3,0.1360252984062396,0.292697649156031
351ad3a2ff,0.9449694793688588,0.7664097274508017,wave2,0.2880581962973805,0.2698707078922409,1.495456482625751,0.2694439277778948,wave2,0.3457702763009567,0.0705721343694962,0.8282226216440457,0.4098084451559755,wave2,0.1493186381767656,0.4041164160675675,0.6164556065314832,0.3597406943772209,wave2,0.1574615537499401,0.1831413522789707,1.3804319199744337,0.6057182018694278,wave3,0.300752610522589,0.3350002300377532,0.4336386582587236,-0.0278616090458161,wave3,0.1104579314145315,0.1417319622143988,1.1470305095148854,0.5249429738150994,wave3,0.2947334992230702,0.1698854010098868,0.3896512738083606,0.2310765914636586,wave3,0.0822587712066557,-0.18840207504668
36b5fcd41f,0.8610561941660411,0.5391182258687794,wave2,0.3705969050110935,1.0943344375780495,0.9612643848685576,0.619088412835787,wave2,0.427744571432104,0.9896054519008112,-0.3382264227703325,0.0279368095773048,wave2,0.1938159387373922,0.6916361831024095,-0.2801189422571634,0.0441074878140365,wave2,0.1071020280144877,0.6441717497995704,-0.1886939560095883,0.883998615661941,wave3,0.3531044906668601,1.2684471940138329,0.7076955367537623,0.6073773989282047,wave3,0.3469303129056387,1.0139482581582189,-0.5307013821709835,0.4652388464663409,wave3,0.263587177210414,0.8933043193347047,0.379105936257626,0.2458090554558348,wave3,0.0557789773628391,0.7786337237062647
42b2b6299c,-0.592904662958994,0.5184131714624907,wave2,0.2025671283957106,0.5492891862138949,0.726226374762867,0.4925671429219851,wave2,0.16665216512849,0.3990652187265837,-1.8146527904888712,0.5057169945240031,wave2,0.244903293255183,0.4419301748470942,-0.4918725498633573,0.2998110645452122,wave2,0.1369116604261554,0.1987675157931189,0.5788342609304776,0.7209254514487156,wave3,0.5440018688692816,0.7322809712498364,1.0388325143009167,0.240004275000969,wave3,0.5140588740455954,0.6145111107265859,-0.9205302193820414,0.531945519036645,wave3,0.3932507435414257,0.5152284046982377,0.4196271756072539,0.4565380444972192,wave3,0.3564359042216661,0.3752543663766253
50f1450e81,1.6951526333837357,-0.3056633414404461,wave2,-0.3169186126788021,0.093051085872982,0.6910267448071648,-0.4295823458796857,wave2,-0.6060799521685194,-0.5103383126167009,1.0932856697477242,-0.0611429561649171,wave2,-0.0424232478225357,0.015021580724018,0.3224821159772652,-0.1684624770936672,wave2,-0.1449678896178522,0.1712056584532407,0.7460121219887209,-0.1779187236812385,wave3,-0.1586659406363466,-0.3079404485478432,0.0971154741884113,-0.6509555696732727,wave3,-0.3798813935317744,-0.3558844237960747,0.7111529467464628,0.1020971951768897,wave3,0.0189217250541083,-0.1514219349496489,0.102947497931547,0.0212350801436328,wave3,-0.2785959107588828,-0.2482797136182509
55b0f30588,0.8137405917383402,0.3125860161253189,wave2,-0.0372964595663769,0.2635168483807257,0.8651362180884516,0.4268915753228821,wave2,0.2772309519495919,0.0964184297169898,0.8072542497305392,0.1393038860351482,wave2,-0.0091672207302704,0.1424906009376568,0.2041296142118168,-0.0562120417486867,wave2,-0.3667435136593538,-0.1693976267009277,0.4929678316315384,0.3382093640586032,wave3,0.4432663358065767,-0.2561917800987725,-0.0903665812733869,0.1598531769064521,wave3,0.2686472271033135,-0.1207871951171659,0.4522614157570371,0.2097098000586635,wave3,0.1027339388177347,-0.2218545558611876,0.0556124576108469,-0.144735908445298,wave3,-0.2144034642932971,-0.302188484005892
576a8b3224,3.0192343299680022,1.1920214566511156,wave2,1.131930552346858,0.8799360753239851,1.1793141889033207,0.8120534065089822,wave2,0.8364867004617715,0.8190463866468987,0.6062541042651736,1.0705548253586947,wave2,0.8951777022802366,0.8879830601299029,0.4195521127012883,1.0652456745242769,wave2,1.0841949220853864,0.9081308413214132,1.6403823667560924,1.391589844854967,wave3,1.2036546643312165,0.6464171782701325,1.2478309747219407,0.9652241654647024,wave3,0.8813446730670065,0.7923674888030767,0.7158574053513711,1.0600833004574564,wave3,0.8660017912952508,0.6198581614849566,0.2343106512647874,1.0027055336406,wave3,0.996644150292874,0.6597038341426334
57d1e1a86c,1.0797475407264867,0.7204085392804251,wave2,0.7090771173137065,0.8390292504963153,1.1456719324914564,0.5281436354108657,wave2,0.5399590380754491,0.7260604865446068,0.610528958562483,0.5773910684927926,wave2,0.5786024458451581,0.5498408069310051,1.033610715786396,0.1731269162801288,wave2,0.2346991763051383,0.5932440489680068,0.5247492451321879,0.7322351341454314,wave3,1.001984631200242,1.133697512527596,0.6212426165365308,0.3011022229687836,wave3,0.6873894976966923,0.7306073674276905,1.2215302108794972,0.7116623023157266,wave3,0.7814234162056993,0.9409590821463504,1.4292018132439122,0.2381811073733643,wave3,0.3966426352127404,0.547056204781338
582cd6f2ab,0.2310994492189213,0.132488815444177,wave2,-0.2942792112763586,-0.020379807161682,-1.4705766944350622,0.1977483075174881,wave2,-0.1126455471244685,0.3864153220605599,-0.7824939045458583,-0.0508861396735313,wave2,-0.3203994064807154,-0.0006155636608528,0.4640543347685164,0.1304404342896531,wave2,-0.0435773957976876,0.1796480109967254,-0.0599015238228133,0.1744891859893025,wave3,0.1911425809807263,-0.1267779030551223,-1.8534974107222113,0.2959351620750894,wave3,-0.0047721159870248,0.2348221375331562,0.1780028144946746,0.1394825857172946,wave3,0.0937204421649892,0.0708762538339405,0.6908119007790473,0.3177330806456465,wave3,0.0686461756604942,0.1352127846423857
5c4f1bedf1,0.8258511409964328,0.686453550024698,wave2,0.7220292451480517,0.6882664266123748,1.5383384581164476,0.2198864938701863,wave2,0.3075808171318259,0.3432845509920956,0.7884268096858645,0.592239775391929,wave2,0.6271853317299804,0.5105693173318947,1.1138694319911473,0.4138399476859956,wave2,0.451960142895606,0.3452625844948839,-1.3456668609192275,0.5926450561687928,wave3,0.5592072674183299,0.96345531526099,1.3154739651477731,0.3998798267917252,wave3,0.3053967581887598,0.4619715040267089,1.1099015326621091,0.59573342924857,wave3,0.6872778646882681,0.7265089165979134,1.338907411732512,0.6232674862310329,wave3,0.4726155694042034,0.3879544395823412
5fca83b6b6,1.1209561966779462,0.3598643674736275,wave2,0.2601021406776835,-0.1811991799002448,0.6816067883474523,0.0123925659380477,wave2,-0.2264205196347064,-0.7223489176082367,1.0980689481850543,0.4202750010232251,wave2,0.4492882796222458,0.170451154622416,1.3244696016971975,0.3500622270950576,wave2,0.4463371586237999,0.0294612561598927,0.7399684228130305,0.3004427837055754,wave3,0.5015084565316998,0.0102110628667162,-0.4680422960682446,-0.0384212138732782,wave3,-0.0672095867190054,-0.4135957025786334,0.6469041730785158,0.3440928824584753,wave3,0.6308955548696878,0.2894419385531129,1.0939117524051356,0.1931300559741083,wave3,0.6236447120110794,0.3111360454225104
68469ae7fd,1.5507922890865236,0.4061794443209416,wave2,0.5336569389106542,0.5332059414715977,1.4465039144850178,0.0408400691933898,wave2,-0.1804319825666787,0.0198413919042423,1.2310368866611916,0.4104771967206412,wave2,0.4338375361560779,0.5902692202066323,1.0539956358762024,0.4736010101672095,wave2,0.5101735856577422,0.7225870895504424,1.5389055140768113,0.2573103780699708,wave3,0.3882160715683249,0.2718048098785433,1.420672521541242,0.0224951789521052,wave3,-0.1195208643974528,-0.0555686805441988,0.9194580056904732,0.2202367061656732,wave3,0.5182245671490772,0.3793654727938259,0.4636390235109318,0.4126969561137538,wave3,0.5860242368691523,0.3939370702963342
696bbeea8a,-0.1557563142854716,0.5210943039371227,wave2,0.776338437146991,0.8745594202649962,-1.1309378648366009,0.2020323219484368,wave2,0.053778817004181,0.404119166221081,-0.3100934841379808,0.7112702896870461,wave2,0.9124669504319616,1.0064384662650303,-3.1198731634317243,0.6169334389603963,wave2,0.5715269909499331,0.7530822106220482,1.1439636671578222,1.1312238079475772,wave3,0.3604288999512568,1.0327487684949093,0.1288889679694709,0.3729615942691708,wave3,0.3405540674086316,0.4792373288566374,0.1847935619993286,1.11549059493509,wave3,0.5897941125759042,1.0948514973268448,-2.0652261018724323,0.8500844511533655,wave3,0.6035495568259414,0.912257027190424
6972fddf91,0.4474777500709408,0.1857725318674261,wave2,0.0435234810340499,0.7049436707174004,0.5389388260970316,-0.1217809807849135,wave2,-0.3275638465132244,-0.0594842681374276,0.4871958260918095,0.2229262196238622,wave2,0.2290225215365277,0.8195330221875222,0.6707577591491725,0.2160210748136427,wave2,0.1053148666363869,0.6895399916424662,0.5361638213910767,0.2953155392604238,wave3,-0.2832921343634447,0.0925987879844409,-0.1499791090453587,-0.2650304081163797,wave3,-0.3569834642481249,-0.2686013383671493,0.7689895474868469,0.4558040748048161,wave3,0.1951136113088093,0.3010148856495814,0.8493612539022919,0.1346004249037168,wave3,0.0302431869678166,0.4225839258411706
7164698f33,0.6920883254756152,0.3984004509572854,wave2,0.4494856218369882,0.7269153986113492,1.2667275261685111,0.3032318231663167,wave2,0.0817157820343728,0.0338939743923103,1.143007362425475,0.4566293697608098,wave2,0.4194469819831891,0.9185882516383916,1.3096771593792012,0.0535598473619453,wave2,0.1528744137019296,0.4062693331750803,0.8485574094167067,0.5273977903177389,wave3,0.549960951617662,-0.1150549171449983,0.6286193548701,0.1327741088440168,wave3,0.4480562641447396,-0.0161386944354684,1.262879311786427,0.4358939225937791,wave3,0.2642008875494436,0.0853210469440329,1.0605457493588162,0.2174476611669743,wave3,0.1121732753040974,-0.3074245726426113
71fa48ae31,0.1788999787924491,0.490154386436378,wave2,-0.1154050665511001,0.1845032535971698,-0.3883260992673491,0.2781214889765082,wave2,-0.1946808020604069,0.0141061948059535,0.175865553799907,0.4397618640378368,wave2,0.0487951869123163,0.2776357449641106,-0.1949089885937954,0.1920981663331077,wave2,-0.0215798236234939,0.1108662667837639,0.403569943664331,0.3124059338225393,wave3,-0.0438676833540836,-0.1261403159802285,-0.7873645624658436,-0.0043131635776383,wave3,-0.1272866449141982,0.0788697508546705,-0.8915189927830516,0.0629248209560459,wave3,-0.1867534031749983,-0.1285762735075223,-0.3029081984522553,0.0666352933884301,wave3,-0.3736991168695512,0.0801843809041095
74717cecfa,-1.1184186101668985,-0.1117287258103032,wave2,-0.3777883353044728,0.0689850993421687,-1.2866240635589044,-0.1112428673847216,wave2,-0.3874701303059722,0.0179147669799308,-0.9845110191699176,0.1262401088645742,wave2,-0.0132059629424101,0.2787706160566404,-1.7027385557352566,-0.0486252820811708,wave2,-0.2578679298794771,0.0376576964762452,-0.9484728672325714,0.1344589220668512,wave3,-0.0649391808869817,0.444863732935624,-1.7471908523179491,0.007386376282787,wave3,-0.4318639108908355,-0.1393389086912613,-0.7177582064747163,0.3090305078914274,wave3,0.1559850543780619,0.55096730665137,-2.0669677914067073,0.1180783610677499,wave3,-0.1422429766052962,0.3098855535562766
7482407761,-0.4755541265109769,0.2695482687498427,wave2,0.1763600425066154,0.0364314946566479,-0.4442556212982193,0.1032005477646813,wave2,0.0033446369353309,-0.0540885617826742,0.1159115780456717,0.3551418815034998,wave2,0.2554503788888979,0.0878997547578955,-1.0367712389100374,0.2946635740257165,wave2,0.1750259308203888,-0.02015207002973,0.177746418923581,0.1943835428551317,wave3,0.1842506728080661,0.7539615541584559,0.0080433498930508,0.1405523986316734,wave3,0.1298266884390688,0.2741179753605958,0.495124201545234,0.4360308726597134,wave3,0.3714436308683823,0.998441542761056,-0.6682646887088448,0.5211936596406733,wave3,0.3773419194660489,0.7230181574254696
7e582ce961,0.7961138531353927,0.9518945858534162,wave2,0.6401798769080274,0.656214972218776,1.4519212124401093,0.7581015805842006,wave2,0.6905327315625529,0.6270523919666857,-0.0953317318934373,0.827512952240871,wave2,0.5729846439903966,0.6932608543829571,-0.7469024467832158,0.5264213140423378,wave2,0.3706375111890713,0.5012206147190511,1.5626872397825051,0.8642532886468586,wave3,0.7186175010478788,0.7160171939229527,1.4364897231728992,0.6685986205169092,wave3,0.752682336980977,0.993232423751946,0.4897958179785469,0.7418108066717909,wave3,0.6888985735100667,0.7186513276444569,-0.6176484797083818,0.4964255095105166,wave3,0.4169689653305791,0.59142606684065
82d20512ba,0.5423024488057411,0.8283410878671731,wave2,0.6180102496795197,0.51553308675176,-0.9089174494241036,-0.0229662956177247,wave2,0.073930738781943,0.086009395316811,-0.3922330882442318,0.7520984181820624,wave2,0.6468583499842827,0.703568942084492,0.0424696835791269,0.4136065440380169,wave2,0.466968173719687,0.4906177644387574,0.3542046604006265,0.7282722397861368,wave3,0.5532631654838869,0.4111568907412763,-0.7035196249538068,0.0381222645935377,wave3,0.0484138344577691,0.1467551321220899,-0.5045319901436609,0.6570424490177108,wave3,0.571277976728089,0.5436443217019232,-0.2223836499265563,0.2933803173064125,wave3,0.3884965164065076,0.3284208431928727
86820dcb88,0.7914489801093071,0.8878930423040279,wave2,0.6380858146829467,0.6078140188473564,0.9901070751903184,0.637734732880721,wave2,0.5695619371253069,0.5833019627569103,1.3712164388523331,0.3326395982768045,wave2,0.2293833591729731,0.5222154788701617,2.0199589457227622,0.3250556159701542,wave2,0.2671559527409201,0.7236569767045172,1.954315823872269,0.5199389233796547,wave3,0.4434438728214385,0.5448742197133467,1.2416310653377625,0.4688879352413582,wave3,0.3264843351425921,0.5619489554712374,1.5186027139984537,0.2415450043039994,wave3,0.2076689723854899,0.317624159210203,1.9065775518270427,0.3260074870198107,wave3,0.2873820171047606,0.2617363557871311
88157b3208,0.2753520294129071,0.3489104645252761,wave2,0.2616902892939747,0.1642693375512176,-1.1636372524003773,-0.2099663902214978,wave2,-0.4324728912868152,-0.5270404160496485,0.8603867252985246,0.3876127431204915,wave2,0.4024658551455825,0.3657091445628194,-0.1665311249940827,0.0560136407310375,wave2,0.1122295849875868,0.0403270805154186,1.014093734877637,0.0952762308510748,wave3,0.1720936409764486,-0.2121135835652974,-1.5065158201810591,-0.2760180116482078,wave3,-0.3380395657433275,-0.6951116518606395,0.6822987425126098,0.2163949366104279,wave3,0.3686524929237914,0.0307513718305342,0.1676500653398637,0.0724059682478829,wave3,0.2472699288619119,-0.283489431602702
8ee801e4aa,0.7790888710079581,0.7359336739072235,wave2,0.9927594717929518,0.7524765597791352,0.9111907698238692,-0.0190538540736069,wave2,0.288811073119573,0.1097420358825536,-0.4741978954573985,0.600058450389067,wave2,0.8560728931466278,0.6535468398899534,-0.3993531865865741,0.4411178827889576,wave2,0.6930196666878786,0.5051016112802039,0.9290901955299234,1.2284508324714132,wave3,0.8957843968870365,0.732788854505015,-0.4008568813809074,0.4253280629902667,wave3,0.3367789098019007,0.1502153827931081,0.682835215005254,0.9491695552886078,wave3,0.8520554549132883,0.8260392720381483,0.4106737982203864,0.8360365219574301,wave3,0.6915628725680171,0.6056530378404766
8f98418978,-0.591876081506189,0.0272951055569992,wave2,-0.0715597668488943,0.0931887084675189,0.4777401760170325,0.0001368668238455,wave2,0.0529711714130449,0.2616612551821333,-0.850396101190351,-0.1948402325024073,wave2,-0.338221990531819,-0.1522396586096862,-1.1282542887104592,-0.2984515236410311,wave2,-0.2059136536914466,-0.1078096560457325,-0.7841274769087188,0.1947801766541377,wave3,-0.2402405150865245,-0.1910965126875003,1.355109508848589,-0.0728564076565518,wave3,0.0920818099101796,0.0878034669023053,-0.9913182144846574,0.0321465001589127,wave3,-0.4868846171968352,-0.3109044508921957,-1.1755909518897296,-0.1354923630604078,wave3,-0.3699398518067652,-0.3752693575662308
8fedad5e32,-0.0202351187548924,0.5876090842982227,wave2,0.629503648529592,0.2543849223817975,0.419894659175627,0.5252590731938755,wave2,0.5140885500554302,0.6214127571785069,-0.2386923584967855,0.1915470616746274,wave2,0.3643642277253976,-0.1103447279486559,-1.403855681870141,-0.0075461929732615,wave2,0.1531578591289516,-0.21040514527484,-0.0330583509371687,0.5838381106672257,wave3,0.1624455495481869,0.6912559323168845,0.0001971855721339,0.4902527767015523,wave3,0.5372741512327681,0.5272712105393516,0.3821669279888682,0.4005250683957088,wave3,-0.1840042441623453,0.1463197447791405,-0.5961876565261462,0.3194373751311049,wave3,-0.1087685753073978,0.0758483527453498
95871de735,-0.6845800261045831,0.1036241563741269,wave2,-0.1080602076776409,0.8082211185340955,0.8796299555111892,-0.0702220149430248,wave2,-0.2176266166669678,-0.1165229506945269,-1.305815706377928,0.1265970048941892,wave2,0.0190700630558673,0.6623548182043867,-1.1247101308433731,0.178794174411374,wave2,0.184331174526385,0.4272465866663911,-0.1142422238570329,0.0364166451027805,wave3,0.0051645381808023,0.4238597504117907,0.0982663558070606,-0.28687952624293,wave3,-0.2615624176241917,-0.2631869526703299,-0.6749811413198892,0.1310977958885532,wave3,0.1758914774353647,0.348076865220119,-1.0654502074304515,0.1231434712511999,wave3,0.0323629663987653,0.1090889059068417
998238226b,0.2328306213195262,0.533270546447242,wave2,0.2770424644510636,0.4640561216322942,0.287502751955464,0.5729735495712402,wave2,0.5630428438797854,0.6754370340388371,0.1482347663205844,0.2877258393148442,wave2,-0.0275392970081512,0.1800847572686,0.7095278665732088,0.0272743050729119,wave2,-0.0376724770590352,0.252725244696835,-0.3678776543205376,0.2986998761935937,wave3,0.4867288747401592,0.2501640671356284,-0.5204823051671589,0.5647651228194475,wave3,0.9251024883372948,0.4535502976734689,0.2130072469780687,0.1608621861872793,wave3,0.1575915877840231,0.0995541808027226,0.810375944596773,-0.0659470324201022,wave3,0.1568356683450454,-0.0490457702519379
9c90a6a98c,-0.602280892980977,0.1284357626295049,wave2,-0.2749599293122027,-0.1059663363799074,-0.8597607535770335,0.3513848102104986,wave2,0.2003505183679457,0.3339539843491845,-0.4220473117587104,0.1096500239081684,wave2,-0.3668103591469814,0.039280942987563,-0.1131723963847348,-0.1760835089733122,wave2,-0.5298631047766179,-0.0704711333231694,-0.6181997528060119,0.4691236187237146,wave3,-0.2021546309253343,-0.1001783364382289,-0.614965976901146,0.4032617522001382,wave3,0.3262322017797472,0.5902118476710636,-0.19184426759679,0.3872663034386091,wave3,-0.5144879892082187,-0.1316062111399246,0.6317132027674736,0.1096507803768037,wave3,-0.7123535343236554,-0.1293296128825868
9ed748464c,-0.4345968651882683,-0.1052420730214906,wave2,-0.2782094952063736,0.2615140412205519,0.5550041894137445,-0.1746291221488354,wave2,-0.3318368479925144,0.1164274454181368,-0.2235181103744341,-0.2640424275553389,wave2,-0.294136825179621,0.162964664129343,0.7588792941053657,-0.2878225935453283,wave2,-0.3218444849072984,0.1709490502333931,-0.0352373986584354,-0.1227639724088822,wave3,-0.3700239577506186,0.2275398708140041,0.2182380290699968,0.0025501845428572,wave3,-0.0846352455451713,0.5536739017832564,-0.1900753597574841,-0.2322173712703956,wave3,-0.5046583762189506,-0.0904942873336387,0.3126123863059934,-0.2240423288909309,wave3,-0.296007085972895,-0.0438146889063665
9f12cfb0b8,0.3150248236826607,0.9753128331397908,wave2,1.000706868602804,1.030292620659644,-0.274312716156773,0.0838687271712883,wave2,0.0399117220669089,0.020723205846433,0.9122962785885796,1.1280232178905032,wave2,1.1431302135407213,1.0828508345614145,0.6105655164221009,0.7020226985696455,wave2,0.615174862071905,0.6441407298721454,0.6149907606271567,0.7697910444006952,wave3,0.2727143193599226,0.0984429292844688,0.7834400217427269,0.0003095730564774,wave3,-0.3590004772362443,-0.4017085745932429,1.0262930110570474,1.018341954380063,wave3,0.6073407869913104,0.6780868187224235,1.117294199035986,0.4963737733910335,wave3,0.127513860133582,0.3812691686646169
a083da1775,0.1391261995800211,0.6692962258223649,wave2,0.4488539884828895,0.2886972622033958,1.2787484591750955,0.8423386426656791,wave2,0.4944303681080906,0.5011406442740332,0.1612886813675464,0.2898162545800963,wave2,0.1498496896644136,0.1657712986408167,0.5712514572221047,0.138758915220391,wave2,-0.0137103642230874,-0.0221957947717444,0.3566024198754566,-0.3377638535398009,wave3,0.4250651261406677,0.6291252136803962,0.8214178827391571,0.1380983553921937,wave3,0.6101823876242456,0.4281444211243035,0.4213790467746001,-0.3068062340923856,wave3,0.1562456683317913,0.4622880220111031,0.4903731910844295,-0.3100575582763275,wave3,0.0764097029532545,0.3556820246336366
a598ece4f6,0.5363616167484812,0.4578778366308085,wave2,0.2012005331438731,0.597800801299603,1.3179265328012093,0.6048455331772109,wave2,0.100384564095187,0.2771703103492999,0.6418210019111756,0.2112746052915054,wave2,0.0325364964629114,0.4953638472445915,0.900845997584169,0.145789112345635,wave2,0.2016275194838001,0.580138555483073,0.4819821665961615,0.3033171552145908,wave3,-0.032384331699403,0.503636853260526,1.242571135790472,0.4650520251594527,wave3,0.1230657983326612,0.2891089067546488,0.8542473903472916,0.2366090486378907,wave3,-0.0199979745824823,0.4234945667348525,0.8459945156194617,0.2795272330223536,wave3,0.0329423001077263,0.290251356382598
b20d6ca8cd,1.1774780684727624,0.9863863318947236,wave2,0.963300674619432,0.8771269952050984,1.4773925138916448,0.7687189919255148,wave2,0.9204922963749772,0.6562278640458836,1.73282578684328,0.7048807805235467,wave2,0.6561797887638451,0.5981344942641863,1.437992110949648,0.520640737413644,wave2,0.3857671751070269,0.4262588560306452,1.5684763296355584,0.7792529198907179,wave3,0.744218862509368,0.8399564469203122,1.666154441509553,0.6066699688816755,wave3,0.82016245416516,0.9119053517357792,1.4093815307551705,0.4973006900552824,wave3,0.3875790475753499,0.3481591177232835,1.455907125468423,0.3420773989430702,wave3,0.3134616284502661,0.512844540778722
b47a2d44b5,0.8944558885701517,0.7194806895937442,wave2,1.0493961500331448,0.3457922736439851,-1.0695693781750486,0.4172709655452857,wave2,0.2234044531843158,-0.0315860766907727,0.40793472823375,0.7847887025394255,wave2,1.255562531890427,0.3799875093970749,-0.3085758152753571,0.5914666162332919,wave2,0.9646145413062364,0.4141918686097562,1.813322308159718,0.8497652340185713,wave3,0.9231959689172649,0.7790484778794844,-0.1391546254199095,0.345679314779832,wave3,0.3859334420152618,0.1711211528004623,1.2996779002134478,0.9142149510132612,wave3,0.9723963668396056,0.784659799274488,0.9572815975638216,0.867759024884616,wave3,0.7999579519498025,0.4169146900506993
b60e44fb2d,-1.0885704518241102,-0.9175354172581948,wave2,-0.954297123213154,-1.1403416913999265,-1.4319659907315996,-0.3725018768147001,wave2,-0.4922517884058797,-0.5861826569633921,-0.3759291765927193,-1.150550964981656,wave2,-1.043985593221336,-1.199439337671405,-0.3980281578813815,-0.6480301230813416,wave2,-0.6808170894478717,-0.6483528770570693,-1.6971033957576194,-0.9228390355812852,wave3,-1.080908384694304,-1.1504919608641493,-0.2187697901577104,-0.696385360252711,wave3,-1.1477105748351462,-0.8340143515246461,-2.2909850650188495,-0.9638648518435065,wave3,-0.91383987104981,-0.8534088539167345,-0.5841986779713817,-0.7224990874145348,wave3,-0.5788015299431569,-0.5127542325491895
bb5a385c2f,0.3400470888465376,0.6386111511780519,wave2,0.552191798710604,0.3494922472795152,0.9668455960446066,0.4655441897721268,wave2,0.6267863370431557,0.7507344382276613,0.558339257017225,0.4548023835869702,wave2,0.290454340660177,-2.6560973221401163e-05,0.4669404353746258,0.290626405036919,wave2,0.0710909759825092,-0.0254663541865723,1.356009578833411,0.4323588251595929,wave3,0.6595242382887729,0.4751168401063048,1.3286096294706524,0.6078566996715709,wave3,0.918797779003941,0.5959990226153735,0.9349728071766462,0.2624416280282832,wave3,0.3465023129218284,0.1785025554124945,1.2141729201683475,0.2276789371727113,wave3,0.3973260212593213,0.2326405224994826
bbdbfc8d11,-1.1775589135268143,0.1850453022405154,wave2,0.1582718301530037,-0.0868533194560083,-0.2719178869010547,-0.345178165846955,wave2,-0.4212989893864378,-0.6318564082012803,-0.3952689951118339,0.4022489797021987,wave2,0.4552682827395896,0.4024795664979089,0.1826902463809748,0.3928513069098186,wave2,0.464820434998315,0.1729226261919699,-2.216318164336585,-0.0419623857346325,wave3,-0.1016790379018997,0.3668866699631956,-0.9641163807655112,-0.3815604757086479,wave3,-0.5635156079911186,-0.2009477258325267,-1.191050046198216,0.3358371382780424,wave3,0.0910167262779347,0.4698367517391671,0.5036035605336171,0.3865759940450458,wave3,0.1881219178498384,0.371636346885312
bea9801956,-0.2992391872431642,-0.2552137335179503,wave2,0.2045748368407474,0.2308760406323942,0.3862863612907722,-0.0635949060008758,wave2,0.2912776890578294,0.1943038247983608,-1.5937154134480385,-0.0961545812558248,wave2,0.1285589909667058,0.3737519218829498,-2.591332185960898,-0.1463185659019675,wave2,0.2854706179766085,0.2935263002260119,-0.7014594467366732,0.5902188279299962,wave3,0.358310866419727,0.253340261056417,0.908781808003404,0.6175322417528917,wave3,0.3308208382206992,0.5247646917157436,-1.7298054001527747,0.3817066553853346,wave3,0.2309813847492098,0.0407723494369171,-3.10649532994217,0.4252301602086356,wave3,0.2354570383241671,0.2657594871022998
c0ed0a49d0,1.3199288519115768,1.1667246070567767,wave2,0.9205639437611576,0.777927918225088,-0.1750229685867239,0.2319812536148542,wave2,0.2752053282930569,0.2869155587289009,0.7021191331285591,1.0732107922519631,wave2,0.9352558757164136,0.8939208808070108,0.7923148414602047,0.8062715537111623,wave2,0.8788406869320377,0.8265922374610887,1.24279382423597,0.7026009757469023,wave3,1.1341266606148386,1.1581666804342068,1.0649195806430536,0.0715275619634807,wave3,0.4162655800659447,0.4146265344484496,0.859805410438223,0.6210569016468476,wave3,1.2134138363357891,1.0787995518004196,0.91255133217382,0.4421845444455038,wave3,0.8360911230737978,0.9168078355090148
c23c324923,1.003391035706943,0.2865549812106289,wave2,0.2539717098093104,0.2399199985727702,0.9742604663214096,0.1219275570868996,wave2,0.065903662920506,-0.0478553348670476,0.7090128004378234,0.2806168026718246,wave2,0.3629846762836023,0.3974845619592043,0.1005113430503652,0.1737092640333321,wave2,0.3023864672702768,0.2389974122473978,1.4897507264013916,0.2152362397156215,wave3,0.0909822086153182,0.4373669899008057,0.8851930983869959,0.0433443581949761,wave3,-0.1366938178288772,-0.0083866969056347,1.0498277692042766,0.2299942861347966,wave3,0.297218451951775,0.7423178849432016,0.5715660611131091,0.0812941723156009,wave3,0.1960867996077538,0.4427321951798987
c42c310214,0.0249451287104297,0.2262858764793223,wave2,0.5207259913141971,0.503749315263359,0.4740863066323391,0.0842241079854653,wave2,0.1823326828702685,0.2727488301799927,0.4528291161525443,0.4003590642991791,wave2,0.5308958437637207,0.4267750718409203,0.7349999548016238,0.4118417568782376,wave2,0.1811322638933575,0.3455705004509467,-0.3306552288185287,-0.1067669746709567,wave3,0.330982373944201,-0.0154782431394906,-0.9067430028007504,-0.2875039050994203,wave3,-0.2381878427303867,-0.3932783312355119,0.6179585479816884,0.0352817632914603,wave3,0.3710302829637769,0.2029815035832406,1.1683882681189135,0.0770057738203705,wave3,0.0764967066202898,-0.1682300217261324
c65fe162a3,-0.577860322973468,0.2886863323388038,wave2,-0.0394660647330433,-0.3921572424794513,-0.7985339273639166,-0.2219522943091005,wave2,-0.217365243676264,-0.8438141507897701,-1.366611892011575,0.2830859782588536,wave2,-0.0862023867336704,-0.0990200254846542,-2.0424161019047977,0.3459424418198952,wave2,0.0961281864037356,-0.1541712996913543,0.4425497811711312,-0.4204658620286485,wave3,-0.5071054478581263,-0.3035156084213963,0.0855978831556265,-0.3972982167624734,wave3,-0.5311426704668407,-0.4304403457407169,-1.3441691502813873,-0.3059578105211969,wave3,-0.1469274171622276,0.2137271377165549,-2.445538546304554,-0.2063819900290623,wave3,-0.0422828482293883,-0.0896676623686759
c94cd96864,0.0716628862967078,0.184985877691477,wave2,-0.1872878742620622,-0.1629746070663777,0.702810696271678,-0.2334100572707882,wave2,-0.0725181061388533,-0.1229447120194562,0.1860778116043369,0.1395485894271989,wave2,-0.0013240384056715,0.1256452937880144,-0.9769466592015152,-0.0498534752159353,wave2,0.0524646699679752,-0.0832050772623361,0.4956974650923086,0.0110446159406132,wave3,0.0224259188911646,-0.2398851838450686,1.1302952820267615,-0.109296680487871,wave3,-0.0116305077004286,-0.2189551448598772,0.7171229553349384,0.0068964328331756,wave3,0.121241351227073,-0.1434027582248248,-0.3321943121498169,-0.1871218283319687,wave3,-0.1210907687054217,-0.3159433641846917
cce7cddb3f,1.2892389922264664,0.2685243012458467,wave2,0.4259409528421587,0.4643103509010151,0.6318791338984905,0.0566367790067161,wave2,0.2233088253567574,0.3050596716522347,1.3264086842498877,0.3032137782570504,wave2,0.5001687382083378,0.4354816704109771,0.2855996873504964,-0.0301619896972958,wave2,0.1157808446030007,0.2531487618098008,1.3549680304218308,0.5884111330942403,wave3,0.4634459564623934,0.7616764811708605,0.3059704528584074,0.1155830710369936,wave3,0.081901705026413,0.3569706900861873,1.5608692718689288,0.553358427868467,wave3,0.6273104070454875,0.6929137054511346,0.3034254013442714,0.4779509848901918,wave3,0.5876210790647173,0.7160134315160026
d1d92f2095,-0.8652172503014722,-0.0906729788704119,wave2,-0.6802448923667805,-0.549335689058926,-0.1437693034186639,-0.328518022347235,wave2,-0.565334644216239,-0.4118961199548403,-0.5735148896887502,0.1663836398079919,wave2,-0.1078241170184964,0.0303111051702612,-1.9604958998606177,-0.280135412307046,wave2,-0.4997909852441654,-0.2293100888972167,-0.6319661505835603,-0.1537839054595902,wave3,-0.1299092245222199,-0.5342591590959938,-0.4188692293662386,-0.2462614769871098,wave3,-0.287356649696056,-0.3432766015613882,-0.4227565648408329,0.117438101140101,wave3,0.3450221411005415,0.1812557846913541,-1.1575372972623048,-0.255732787535203,wave3,-0.0152603681935225,-0.2284769986847071
d2d17bb9c1,1.3149380429921045,0.8667387711777041,wave2,0.7086643339870795,0.6830699703155263,1.5029429081887122,0.650001045785829,wave2,0.8499603483539042,0.6256259842425145,0.4785634531171368,0.4683083253487917,wave2,0.3409064957757454,0.2392162764488633,-0.5413757135029753,0.4117471132774105,wave2,0.1024424822391528,0.0251213019494075,0.923685008066465,0.7250604669724301,wave3,0.8844352374006288,0.4787672765416224,1.3222485052665691,0.7908649957993883,wave3,0.611926864793896,0.6452700163962701,0.2332170834985483,0.5322475976724058,wave3,0.6645436211702141,0.2074305019721499,0.2129605968767404,0.3236559560955675,wave3,0.3657568254711031,0.0904825613812251
d2fcce0b97,0.3542847802290998,0.5798845371072616,wave2,0.6707039850772403,0.3760022315931022,-0.5085961498475796,0.6563850205903918,wave2,0.8577981994005595,0.6963344247405816,0.5915505607492964,0.4645041927790826,wave2,0.4708594377962288,0.3695836083237757,1.0162837757497658,0.4130575908323756,wave2,0.5204430718274823,0.5292209916528846,1.33404569382525,0.7775499865874127,wave3,0.2856751033380225,0.3998891512646136,0.0253427996737738,0.736105951427334,wave3,0.6826530882279944,0.6021553180032262,1.2452724043314634,0.6042700721020843,wave3,0.0528895785902766,0.6171886223941306,1.313261313417046,0.5324688716765341,wave3,0.1255948575120128,0.3602756083466126
d47c4d2555,-0.6662904856450579,0.1726719218734849,wave2,0.353428226310347,0.7009005649716702,0.1951803603489879,0.1241304936317528,wave2,-0.03370153586981,0.2363311458596952,0.4700894473262235,0.3791908497219952,wave2,0.7230910516568442,0.5836935010952325,1.4328248952636808,0.6370212074267053,wave2,0.5265910037096176,0.6572235492910797,-0.5280323075410809,0.3353026899574494,wave3,0.7801402627797667,0.7256205858295237,-0.3475284115824598,0.1163573538652751,wave3,0.3466037583850054,0.2433338786740346,0.7359109781082687,0.3929794669832013,wave3,0.6461442487519239,0.5949566404689667,0.4300362783580015,0.2713552162038425,wave3,0.5701851651931488,0.4612857443726298
d7eed63b7a,0.816272733655236,0.2872715473151932,wave2,0.0678173471620731,0.3555988288727389,0.0154566199829164,0.0086216390259394,wave2,0.093675400188677,0.3634175346656763,0.8555547169264118,0.4286521506239346,wave2,0.2397810758218052,0.2746295295750366,1.0087718954503753,0.1848000508399926,wave2,0.1261074381743426,0.2152929578403303,0.6890977606165337,0.3250849303272551,wave3,0.0931220632635474,0.4289224700464924,0.6158538534161702,-0.0385619895324795,wave3,-0.4723016172053023,0.4345838486206026,1.1331179783915122,0.4709687021654479,wave3,0.3844247844231149,0.4545143591287416,0.0719314086582267,0.2749139954325889,wave3,0.0866884770222616,0.3825942741273745
dae17c0597,0.6712656018612952,1.0092196075207376,wave2,1.0877668912743013,0.7057761914880398,0.804281104373258,0.8284768533348346,wave2,1.165502508878676,0.5524303959473182,0.806532870270206,0.7395900843012603,wave2,0.8513875306347395,0.4981717325867366,0.5497462386430705,0.5088245605812193,wave2,0.4755676171351729,0.3648785528459511,1.182791459612894,1.1792701683130948,wave3,0.855975480431975,0.6857998836963564,0.8251099753425338,1.169187200804056,wave3,1.4020347670662403,0.8704915999467482,0.5507494644741031,0.8980316733655304,wave3,0.7679111583749326,0.8551502799221326,-0.109477605932662,0.6865402577764365,wave3,0.6435054010937956,0.7799817388895484
ded8182a7f,1.5278063256980148,0.7201782217348129,wave2,0.1938484944099183,0.8354091164683162,1.3015358780037405,0.879700036817189,wave2,0.4417017736297586,0.8509683036391475,0.6964040690919285,0.568327452217403,wave2,0.2504830806490538,0.5495337936795198,-0.3886893859260015,0.4845823117302287,wave2,0.1538753462149785,0.3757981506105822,2.54653614764161,0.4633460986846676,wave3,0.8488075578732639,0.8712365478083957,1.1913913135931735,0.6711966110560521,wave3,0.5309293843399296,0.8340346316950127,0.8617085432867189,0.322949833888169,wave3,0.7127815560953777,0.6061937577021118,-0.2114060356598008,0.2614811586854343,wave3,0.502195951792125,0.3551277543151053
e21b26562d,1.1907742097242833,0.5410347857229292,wave2,0.68869932387683,0.5270044112670549,0.627606272511383,0.4286719198676763,wave2,0.5484995291422106,0.5842907388614087,0.5050890759132255,-0.1405404236450119,wave2,-0.0499339813487155,-0.1355149445851131,-0.1084477627064271,-0.1830464552273915,wave2,-0.0904477964153273,-0.2064601348410338,0.6134811850121163,0.8661821085320369,wave3,0.4064803229235458,0.7068290158198343,0.4369755742370971,0.5904105085541813,wave3,0.4872747988390986,0.484325209615184,0.7361312130495342,0.1207805396300886,wave3,-0.2439823509705104,0.1143658153543935,-0.6802878907233267,-0.0424915447227213,wave3,-0.2289108234627989,0.2028384569402591
ecf60a2c3c,-1.6651993633645938,-0.2879420373865082,wave2,-0.6216200515146362,-0.0589817621934152,-1.1372985270470524,-0.1032812308486663,wave2,-0.3616348297166771,0.0767756542754902,-1.6652117991191222,-0.1392504632164246,wave2,-0.5621156253206242,0.0663601591415371,-1.2448859216364967,0.1261955109136704,wave2,-0.2098720056724176,0.149832328311409,-1.0535303186932243,0.2983071429326633,wave3,-0.2134294758283195,0.1192015194705704,-0.8090596702228774,0.3806524774840532,wave3,0.0493161926781251,0.3464169081359123,-0.4008007949718757,0.2327529974509429,wave3,-0.3448961133022626,0.1439191746314724,-0.1273322663511125,0.3449368729317091,wave3,-0.068273707421291,0.4333583534189625
f06cfb4a31,0.5301915787983856,0.8354252371721338,wave2,0.6979195659746522,0.2258796107027953,-0.3835984993039691,0.1690824799967267,wave2,0.428295123414216,-0.0748612026201844,-0.0913633472013619,0.8188015223354396,wave2,0.7746056548358581,0.511092226134832,0.4358618449817179,0.506367249618536,wave2,0.6114169952989815,0.2252263516283882,0.2592182512730953,0.5530413289330989,wave3,0.95493416656625,-0.0615889668374491,-1.2992830230496153,-0.0327623768732259,wave3,0.1572958635746588,-0.3094189375913876,-0.1665056905138167,0.4919124933305946,wave3,1.0222164950190755,0.1923944267589984,0.0117818549296394,0.1948629106478127,wave3,0.565963535422957,-0.0147361884930284
f0d5f9966a,-0.1546479156453335,-0.4387152407929839,wave2,-0.4562720455640061,-0.0592912134215102,-0.6155294225193968,-0.6001772233095961,wave2,-0.4809495172687859,-0.0207830532437429,0.610627691351926,-0.396864574573601,wave2,-0.3629089045628202,0.0174025190098324,-0.3798057745657394,-0.6685486674478455,wave2,-0.7980040572010757,-0.0924666157966852,-0.0218670440653595,0.150313346052211,wave3,-0.5608683136678203,-0.0155102924349073,-0.5457410528560988,-0.347984833731207,wave3,-0.4270201200107468,0.0405725602168756,0.2326634376064188,0.1915602723908936,wave3,-0.350356183676091,-0.1731902390778631,0.1926938069167473,-0.0878696442786935,wave3,-0.676447098618132,-0.2645938182362753
f5404e6a44,0.1475821652208062,0.2691819727309417,wave2,0.3943076284472195,0.038971472338694,0.9366400617939338,0.1914106905342647,wave2,0.223054201216303,0.0486098497468452,-0.7251476208346626,0.1336247430184144,wave2,0.3722314441908131,0.0678277836069048,-0.1261528625993921,0.1916621567872004,wave2,0.1249876851055423,-0.0329737502147261,-0.4850014315184524,0.2710915181543494,wave3,-0.117135112622241,0.1122798932383561,0.4713884218101761,-0.1390809939917541,wave3,-0.0820161507223447,0.0605782979788989,-0.2901706528195692,0.2517927437348916,wave3,0.0076624954382199,0.1470307615854688,0.3614050318235415,0.035567468181293,wave3,-0.1589953828580884,0.030233130766183
fd2e093359,2.2983032502360934,1.17762327962472,wave2,1.4808369491582845,1.0035884345873027,1.3957272609208893,0.7390660855543651,wave2,0.9337259811876644,0.9416342149043456,0.9774307898631214,0.7379077286047265,wave2,1.0111747631893442,0.5391026481253464,1.6516864787069068,0.6463773203560325,wave2,0.8468720983347601,0.552916317527356,2.510694625769544,1.5016699635114836,wave3,1.4653158148494798,1.280063481658205,1.5061467108309867,1.1248897589463596,wave3,1.1024599511075412,1.101403103497825,1.2335213541198498,1.0325094834230764,wave3,1.0096590968658612,0.6626716999293091,1.515342607003291,1.001661440875801,wave3,0.8113952614870507,0.5101546665370992
