sample_name;prediction;mmse
001-0;-0.2897543218181844;18.0
001-2;-0.25352357645850443;11.0
002-0;0.37246396976216367;30.0
002-1;-0.07164153477030988;30.0
002-2;0.5213561517520322;30.0
002-3;0.07757384952697954;28.0
003-0;0.3232395262855352;20.0
005-0;-0.4437027865442116;23.0
005-2;-1.1176793039976938;19.0
006-2;-0.15356454576186662;
006-3;-0.2462083849531287;
006-4;-0.04396526676578061;
007-1;-0.9383639844159135;19.0
007-3;-0.9440352328902544;15.0
010-0;0.1847834559545558;20.0
010-1;-0.11341162844097319;21.0
010-2;-0.28783006761789176;26.0
010-3;-0.2554434028810588;19.0
010-4;-1.135352670023968;
013-0;-0.10275905657674267;30.0
013-2;-0.34785814918001323;
013-3;-0.11411314963962127;
013-4;-0.23089339996147995;30.0
014-2;-0.7273107414176432;
015-0;0.10018417769574395;28.0
015-1;-0.03388696021321991;30.0
015-2;-0.13282873426481023;30.0
015-3;-0.5140531971822555;29.0
015-4;-0.10488464657075713;
016-0;0.13717713872570636;28.0
016-1;-0.7934437896424074;
016-3;-0.45464461234475273;
016-4;-0.12044637431194705;
017-4;-0.12878582523081983;30.0
018-0;-0.4455521691190303;11.0
021-0;-0.9143235260473275;28.0
021-1;-0.28511976990167787;30.0
021-2;-0.9280466700793639;
021-3;-1.8639232364521159;
021-4;-1.2427391994858;
022-0;-0.5602007469289247;27.0
022-1;-1.1081946338023536;29.0
022-2;-1.0528763600271078;
023-0;-1.0434819246404528;16.0
023-2;-1.0287718153783552;3.0
024-1;-0.06255214617148441;30.0
024-2;-0.16652178436162535;30.0
028-1;0.07200266384376874;29.0
028-4;0.031918422586799444;
029-0;-0.5900126476202274;21.0
029-1;-0.5670476021097588;21.0
030-0;0.5531958513723674;29.0
030-1;0.2816873027002651;29.0
033-0;0.09310387198442571;26.0
033-1;-0.6695769946192125;27.0
033-2;-0.13223501026196693;25.0
033-3;-0.12117453807132472;28.0
033-4;-0.09982316749170339;
034-0;-0.5027195500253432;29.0
034-1;-0.44786357735406;28.0
034-2;-0.4692303221033034;
034-3;-0.5999501095120732;
034-4;-0.16577585329538236;
035-0;-0.31198134199328464;23.0
035-1;-0.16984016211333897;20.0
039-0;-0.5478814257880122;28.0
042-1;0.4760454813171897;30.0
042-2;0.02782454808817958;
042-3;0.33276781768386776;
042-4;-0.27804161598259247;
043-0;0.042417562664309294;18.0
045-0;0.6987921094314391;30.0
045-2;0.21223778090607937;
045-3;-0.01919798052509103;29.0
046-0;-0.8680024005741553;23.0
046-2;-1.3736004249634022;7.0
049-0;-0.16436022891067914;19.0
049-1;-0.2353091843867139;19.0
050-0;-0.5168513953926834;18.0
051-0;-0.5479960977230522;26.0
051-1;-0.8370267180943138;23.0
051-2;-0.4120553176167241;19.0
051-3;-0.6178099184233814;15.0
052-0;-0.3201485622802358;30.0
052-2;-0.7933777297137501;
053-1;-0.14275352145254683;8.0
054-0;0.541701830554342;29.0
055-0;-0.32383878227098295;30.0
056-0;-0.41377806116159777;30.0
056-3;-0.4358581680141227;29.0
056-4;-0.7805654359124568;
057-0;-1.4346658681944167;27.0
057-1;-1.1836838769348095;24.0
057-2;-1.4753470169557552;13.0
058-0;-0.046083248376531216;26.0
058-1;0.5577049649307146;23.0
058-3;-0.7239506185398059;27.0
058-4;-0.39365133353382875;
059-2;-0.48871451632449214;
059-3;-0.6470984383344793;
059-4;-0.663419835442872;
061-0;0.07340148664157509;26.0
061-1;-1.5693162720896534;27.0
062-0;-0.23787024756337471;25.0
065-0;-0.7103850070162827;29.0
065-1;-0.6471806261213995;27.0
065-2;-0.7790559218452331;
066-0;-0.7395969314634234;26.0
067-1;-0.7650293655207825;20.0
067-2;-1.0420344893302202;15.0
068-0;-0.22479927193172555;29.0
068-2;-0.19701079437363012;
068-3;-0.1652272444645715;
070-2;-0.971528951561438;
071-0;0.045804460194919905;28.0
071-1;-0.2553824171317398;30.0
071-2;-0.16158576245361145;
071-3;0.4213067670244688;
071-4;0.15639015300092707;
073-0;-0.3938186564916972;29.0
073-1;-0.7205444879253324;29.0
073-3;-0.4332788661233342;
076-0;-0.7818948806379482;25.0
076-2;-0.3809993105289844;
076-4;-1.113343862942959;
078-0;-0.5161462904549561;17.0
078-1;-0.3227145185144069;16.0
086-0;0.2371691727052072;30.0
086-1;-0.26696029026936996;29.0
086-2;-0.5177023580673707;
086-3;-0.5923307555295001;
086-4;0.00895369505839172;
087-1;-1.539415275330341;3.0
089-0;-1.1815745959819117;24.0
091-0;-1.331344633870738;19.0
091-1;-1.5334681857696195;17.0
091-2;-1.7654986909646606;17.0
092-0;-0.09676864091193282;30.0
092-1;-0.30000928210542366;30.0
092-2;-0.6778499730969996;
092-3;-0.4648067955852404;
093-0;-0.7243314125064364;30.0
093-1;-0.5424600060542992;28.0
094-1;-0.8093013363948911;24.0
094-2;-1.0173525684182845;
094-3;-1.1152971186103382;
096-1;-0.4453332028994099;29.0
096-2;-0.43047813701868165;
097-1;-1.0051761518275502;10.0
105-0;0.4377944817445396;30.0
105-1;-0.05798435083812903;27.0
105-2;-0.32875647230250094;
107-1;0.05538330828459204;27.0
107-2;-0.44237691451085825;
109-1;0.043859164186932365;30.0
109-3;-0.07264108654685097;30.0
109-4;-0.5949118867826586;30.0
113-0;0.3471518560764344;30.0
113-1;-0.06969824445998629;29.0
113-2;0.39035054597540864;30.0
113-3;0.03467323254957044;30.0
114-0;-0.4033312446499817;30.0
114-1;-0.6464188186292645;30.0
114-2;-0.44533987203600933;
114-3;-0.46750358294655303;
114-4;-0.8617752311418005;
118-0;-0.6863020835695048;30.0
118-1;-0.27943303854552415;30.0
118-2;-1.3141660899454752;
118-3;-1.0656774997727119;
118-4;-0.37482839333000695;
120-0;-0.9833662368936931;29.0
120-1;-0.7064001188475926;28.0
120-2;-0.8539048128097795;30.0
120-3;-0.9131030994754663;27.0
120-4;-0.6875528971708713;29.0
121-0;0.09034356821891976;30.0
121-1;-0.22517024237715022;30.0
121-2;0.08222726641944478;27.0
121-3;0.018801188963287974;30.0
121-4;-0.13165970629674328;
122-0;-0.8832554261734127;17.0
122-1;-0.8681488862900193;17.0
124-0;-0.9252029939830224;30.0
124-1;0.2932410837263739;28.0
125-0;-1.7241824839854476;10.0
127-0;-1.1407274358143378;24.0
128-1;-0.10999022576620865;30.0
128-2;0.38341988387511794;30.0
128-3;0.20929916725451347;29.0
129-1;-0.9413907345663448;29.0
130-1;-0.17756905237261833;29.0
130-2;-0.4823728360216024;28.0
130-3;-0.3747299846902761;29.0
132-0;0.18100005920086293;30.0
132-1;-0.023411368561886636;29.0
134-0;-0.7759099353573584;24.0
134-1;-1.1126207075647274;23.0
134-2;-1.517236898233929;
134-3;-1.0041757795803086;
137-0;-0.257110472450957;29.0
137-1;-0.7888566556670387;29.0
137-2;-1.0729048052965626;
137-3;-0.4842099741850052;
138-1;-0.05309761692647763;28.0
138-3;-0.49843583194484364;30.0
139-0;0.17211107397888048;30.0
139-1;0.006022080365902127;30.0
139-3;-0.5745143706546096;30.0
140-0;-0.042351899410020266;30.0
140-3;-1.3243883378905819;28.0
141-0;-0.5027971504293951;29.0
141-1;-0.7312597204517635;30.0
141-2;-0.17853436303658388;30.0
141-3;-0.29220447632208835;28.0
142-0;0.09841539355367512;30.0
142-1;-0.566081405351452;29.0
142-3;-0.2668687619263035;30.0
143-3;-0.37777122775759175;29.0
144-0;-0.05183211823183953;23.0
144-1;-0.11675227301906554;15.0
145-1;-0.3825936285144367;30.0
145-3;0.14579030254209346;
146-1;-0.6211818738163248;28.0
148-0;-1.0769283154849376;10.0
150-0;-0.9426626767910109;29.0
150-1;-0.7694706844258503;28.0
150-2;-0.35384606570310906;24.0
154-0;-0.3194611044462974;28.0
154-1;-1.3720087490992472;17.0
155-0;-0.3672308942993019;30.0
155-2;-0.3023021267933905;
155-3;-0.019148296257249342;
157-0;-1.0925053499110613;19.0
157-1;-0.6668259786503179;17.0
157-2;-0.9496122386499994;
158-0;-0.40541801311524517;30.0
158-1;-0.7257752736489516;30.0
158-2;-0.8836319643681607;30.0
158-3;-1.2240927160194182;28.0
164-1;-0.0845800452417933;24.0
164-2;-0.6524841501368746;19.0
164-3;0.07453474507455571;18.0
166-0;0.09425201789026216;30.0
166-1;0.5434721536080929;30.0
166-2;-0.03893510641740949;
167-1;0.019611862297970628;27.0
167-2;-0.556052757897566;29.0
167-3;0.33794472254715924;28.0
168-0;0.3759647625127971;20.0
168-1;-1.5968731802549418;14.0
171-0;-0.6588807605657896;28.0
171-1;-0.6545134518018472;30.0
172-0;-0.2329285906131222;27.0
172-1;-0.5575134018661243;24.0
172-2;-0.9451661558879274;
172-3;-0.6362228529020133;
173-1;-1.950313965738566;5.0
175-0;0.7153745037099126;30.0
175-1;0.5525720684855324;30.0
175-2;0.13829868633016362;
175-3;-0.20731932072110615;
178-0;-1.1118323864711948;29.0
178-1;-0.7729696155967141;24.0
181-0;-1.2431503097374719;20.0
181-1;-0.7925007627943836;17.0
181-2;-0.7356510704295818;
181-3;-0.8579064863599883;
182-3;-0.23007932705127132;
183-0;-0.6133134436391603;25.0
183-1;-0.044959015431404126;27.0
183-2;-0.4411294861101156;
183-3;-0.5839004780115722;
184-0;-0.32975516997328436;27.0
184-1;-0.43844670399442776;27.0
184-2;-0.0030572137191993143;
192-0;-0.547444313380433;29.0
192-2;0.10380571616798218;
196-0;0.22843260653687913;28.0
196-1;-0.36772122754866365;29.0
203-0;-0.5036794476126505;20.0
203-1;-0.9462638418028966;13.0
205-1;-0.7118467197388041;22.0
206-0;-0.649399423177951;25.0
207-0;-0.7661777296944337;13.0
208-0;-0.484329142289484;30.0
208-1;-0.654991143095043;30.0
208-2;-0.42246469818737853;30.0
209-1;-0.7506750088654703;30.0
209-2;-0.09311547655959718;30.0
209-3;-0.353789883954845;30.0
210-1;0.46074376239646897;29.0
210-2;-0.18515559299162598;29.0
211-1;-0.8230671274769441;30.0
211-2;-0.41477403294027626;30.0
212-0;-0.0705721269096653;29.0
212-1;-0.7820456932174802;25.0
212-2;-0.4156146802122018;25.0
212-3;-0.6289743360774172;19.0
213-1;-0.7652226262600408;15.0
213-2;-1.220980370076129;
213-3;-0.5204964368987046;
216-0;-0.9580188404890408;20.0
216-1;-0.4735352486759681;16.0
218-0;-0.6182517621820944;17.0
218-1;-1.1541347136472653;1.0
220-0;-0.44151072205990793;17.0
220-1;-1.0815520964619558;11.0
221-0;-0.006210574188292739;29.0
221-1;-0.3717536337701288;30.0
221-2;-0.4811923286464874;
221-3;-0.4901082843247966;
222-0;-0.9115677129634798;18.0
222-1;-1.3831950921829315;12.0
223-0;-0.7872433196454705;18.0
223-1;-1.2777793409738625;19.0
225-0;-0.18278856029081147;29.0
225-2;-0.22494811029942907;
226-0;-1.1318441569213578;19.0
227-0;-0.7345739664585957;26.0
227-1;-0.19390657702731628;26.0
229-1;-0.2700412581432694;28.0
229-2;-0.31791378179651275;30.0
232-0;-0.48589669399553914;30.0
232-1;-0.07979925592248316;30.0
234-0;-0.9576257754298234;16.0
235-0;-0.3687996485620335;18.0
235-2;-0.5904067075534003;
236-0;-0.7174193664447996;14.0
237-1;-0.4529574233941278;25.0
237-2;-0.4308759802792499;
238-0;-0.787846145152304;12.0
242-0;-0.5475631313154126;26.0
242-1;-0.14820122732666663;29.0
242-2;-0.12098053596529823;29.0
243-0;0.5020885414475704;29.0
243-1;0.15357361970454741;27.0
244-0;0.423547200939836;25.0
245-0;-0.3705694339045449;28.0
245-1;-0.0985566325969951;30.0
245-2;-0.16267636137357488;30.0
247-0;-0.2380757488026135;12.0
248-0;0.5487088410785343;30.0
248-1;0.34783692522936027;30.0
248-2;-0.20208912694833003;30.0
252-0;-0.4057066652985648;22.0
252-1;0.09898513369594131;23.0
252-2;-0.34072334651762604;17.0
255-0;-0.06990371778716664;30.0
255-1;-0.1950895637383212;28.0
256-0;-0.3759732303187828;28.0
256-1;-0.9784683972975108;28.0
256-2;-0.04794219748703599;29.0
257-0;-0.3449400620995844;22.0
257-2;-0.9688792847478662;10.0
260-1;-0.39179595654549426;26.0
260-2;-0.6058407670693364;26.0
264-0;-0.16415467176838794;17.0
266-0;-0.2073384216575911;29.0
266-1;-0.5802982003725288;29.0
266-2;-0.49432382101480354;30.0
267-0;0.21418209110580877;30.0
267-2;0.32743937510513277;30.0
268-0;0.10736084049578398;28.0
269-0;-0.23231866716513005;17.0
269-1;-0.6017308246898665;13.0
270-0;-0.011242897871584834;23.0
270-1;-0.4893134966253523;22.0
270-2;-0.21563328802250803;20.0
271-2;-1.1857722460540636;23.0
274-0;-0.34877767795538483;28.0
274-1;-0.283257610541213;26.0
274-2;0.3588667372312755;28.0
275-0;0.12001789770567362;30.0
275-1;0.35004166302343087;30.0
276-0;-1.2152060544371042;18.0
279-0;-0.620019706116635;21.0
279-1;-1.0648684064978893;21.0
280-0;-0.5679609966742323;29.0
280-1;-1.2073757748741725;29.0
280-2;-0.4464142839485401;30.0
282-0;-0.5227875179172676;22.0
282-1;-0.5235128412502872;22.0
282-2;-0.37172281389370254;23.0
283-0;0.34285227419738273;23.0
283-1;-0.3883708994151305;17.0
289-2;-0.5734477415548744;20.0
291-1;-0.7158603251815165;20.0
291-2;-1.0061471129777635;18.0
292-1;-0.6641436716737275;30.0
293-1;-0.9646482005361823;15.0
295-0;-0.18236301649646025;29.0
295-1;-0.2833972723881275;28.0
296-0;-0.1406253110262088;30.0
296-1;0.5396256661357888;27.0
296-2;0.646598340896658;30.0
297-1;0.09500971344106102;30.0
297-2;0.30207931753761974;
298-1;-0.4485687489298429;29.0
299-1;-0.28325442147656466;29.0
302-0;0.7425277214867907;27.0
304-1;-0.22194778145608574;30.0
304-2;-0.6517923403660644;30.0
306-0;-0.2890121098335694;27.0
310-0;-0.8290435304749069;19.0
311-0;-0.5368896856831369;13.0
318-0;0.04489910908292227;28.0
318-1;0.02745124426840606;30.0
318-2;-0.5628655563754945;
319-0;-1.0385443835091215;13.0
322-1;0.6085864104618115;30.0
322-2;0.10433449975785702;30.0
323-0;0.42675595178072223;30.0
323-1;0.48576215523112065;30.0
325-0;-0.7381637273830501;20.0
325-1;-1.3368834595010677;19.0
329-0;-0.46445852786088526;25.0
332-0;0.18535115763186383;29.0
334-0;-0.4913952401153905;20.0
334-1;-0.7830971199435681;20.0
336-1;0.22476075848426458;29.0
337-0;-0.3285850538008708;16.0
338-0;-0.2606931045586087;30.0
339-0;-1.2843905591981548;20.0
340-0;0.6669499380049371;30.0
341-0;-1.4869084728836375;20.0
342-0;-1.5401899742501368;22.0
342-1;-1.248244931316227;23.0
343-0;-0.7559072404022085;19.0
344-0;-0.8531085798236502;23.0
344-2;-0.5727690705057733;
346-0;-0.03027198327637759;19.0
349-0;-1.1866891126749046;25.0
349-1;-1.2534161840643754;20.0
350-0;-0.8389957116484468;19.0
350-1;-1.0044390492263566;15.0
354-0;0.15519050214275243;23.0
355-0;-1.1034735385944394;24.0
355-1;-1.4164497765688413;23.0
356-0;-0.10712778467965567;20.0
356-1;-0.1490032525335412;18.0
357-0;-0.024182373054672635;24.0
358-0;-0.8390545361950033;18.0
358-1;-0.5862538317868322;11.0
360-0;-1.9764612666052797;18.0
361-0;-0.9814316714682543;19.0
362-0;-1.1518247962760142;10.0
362-1;-1.251727634155837;15.0
368-0;-0.5086821390231995;19.0
369-0;-0.9573257811987776;22.0
381-0;-0.8407605881914291;16.0
381-1;-0.560291890028177;14.0
450-0;-0.770413812120206;24.0
450-1;-1.2074707330967926;20.0
458-0;-1.239515040179867;18.0
461-0;-1.4399785676686385;20.0
465-0;-0.9623692671812747;22.0
466-0;-0.4734820323444464;22.0
466-1;-0.5895610121450967;21.0
468-0;-1.3158608413526487;14.0
470-1;-1.3278711293764252;22.0
471-0;-0.6888820786436101;29.0
472-0;-1.8136360618164586;21.0
474-0;-0.5614254813007291;23.0
476-0;-0.1450157789496771;23.0
488-0;-0.7358146023826455;20.0
488-1;-1.286565749873637;17.0
492-0;-0.6153503276842895;20.0
493-0;-0.5982612846549062;15.0
493-1;-0.8015709009067888;15.0
497-0;-0.933033027237913;20.0
497-1;-1.2503859042627754;12.0
504-0;-1.0273527127695101;10.0
506-0;-1.0858265085284131;25.0
508-0;-0.750456848247552;13.0
508-1;-1.1972126041689157;13.0
511-0;-1.88882842372811;10.0
515-1;-1.1174332372084836;12.0
526-1;-1.3506868455372083;13.0
527-0;-1.0952928567377724;15.0
527-1;-1.4863837725115865;15.0
528-0;-0.3196252917885989;27.0
529-0;0.08892967255533213;27.0
530-0;-1.7268372337974491;17.0
539-0;-1.126615209125311;19.0
544-0;-0.4118816686643614;25.0
544-1;-0.6560125211811982;23.0
551-0;-1.4329085539328612;17.0
559-0;-1.4645747444618813;30.0
562-0;-1.396707258668875;11.0
563-0;-0.8879584912060177;15.0
573-0;-0.30788140639430983;26.0
578-0;0.9245985089159867;29.0
579-0;-1.3218352075732729;18.0
580-0;-0.9185737180779583;13.0
581-0;-0.593893632935993;17.0
585-0;-0.8427618852346321;
587-0;-0.4770386435829357;19.0
591-0;-0.6725920107023096;20.0
592-0;-1.1375769607735151;14.0
594-0;-0.060984731228209466;27.0
595-0;-0.7406978739902133;16.0
598-0;-0.8812514586321809;20.0
601-0;-1.5258240623268162;22.0
607-0;-0.8297470706466255;13.0
609-0;-1.1703955786038591;12.0
610-0;-0.39489728998252405;20.0
612-0;-0.3402978669767589;28.0
615-0;-1.12512781935434;16.0
620-0;-1.0526584948497393;24.0
624-0;-0.5640376174770396;18.0
627-0;-0.49822829819522996;28.0
631-0;-1.223473642675931;29.0
635-0;-0.9191703519047285;17.0
636-0;-1.0162422425453073;14.0
639-0;-0.9369541259803069;26.0
640-0;-1.0125052475014873;10.0
642-0;-1.0426678362661854;17.0
648-0;-0.8022118739628397;18.0
650-0;-1.2331158733441334;24.0
651-0;-0.6470057321077989;20.0
656-0;-0.4668373799463683;29.0
657-0;-0.7974211353883942;17.0
660-0;-2.126533864599568;12.0
661-0;-0.5811346690961092;29.0
663-0;-0.1615550383167279;20.0
668-0;-0.5793893550048514;29.0
672-0;-1.7028221804627341;18.0
674-0;-1.2864322084892224;8.0
676-0;-0.9289905622087322;24.0
678-0;-0.6124550843164012;29.0
681-0;-1.4029033154648565;23.0
684-0;-0.139007688457907;30.0
686-0;-0.16008469652379453;30.0
688-0;-0.9116423526495008;28.0
689-0;-1.7555689337456302;13.0
690-0;-0.8846949201656853;12.0
691-0;-0.428220826014736;29.0
695-0;-1.1390662978751382;16.0
698-0;-1.0344449838785719;12.0
702-0;-0.5466868756446115;20.0
703-0;-1.3569965477077859;13.0
704-0;0.14552908659754893;23.0
705-0;-1.3005618413359163;13.0
707-0;-0.3139870846723265;21.0
709-0;-1.1908492807298394;26.0
709-2;-0.7326913479678467;
711-0;-0.802929522524183;25.0
714-0;-1.012979711697125;18.0
